"TIME_PERIOD","REF_AREA","MEASURE","SECTOR","STANDARD_REVENUE","CTRY_SPECIFIC_REVENUE","UNIT_MEASURE","FREQ","obsValue","UNIT_MULT","REVENUE_CODE","DECIMALS","CURRENCY","OBS_STATUS"
"2016","OECD_REP","TAX_REV","S13","T_1220","_T","USD","A",1.812357,"9","1220","0","_Z","A"
"2022","OECD_REP","TAX_REV","S13","T_1220","_T","USD","A",1.949404,"9","1220","0","_Z","A"
"2021","OECD_REP","TAX_REV","S13","T_1220","_T","USD","A",2.304748,"9","1220","0","_Z","A"
"2020","OECD_REP","TAX_REV","S13","T_1220","_T","USD","A",1.440916,"9","1220","0","_Z","A"
"2019","OECD_REP","TAX_REV","S13","T_1220","_T","USD","A",1.674756,"9","1220","0","_Z","A"
"2018","OECD_REP","TAX_REV","S13","T_1220","_T","USD","A",1.412878,"9","1220","0","_Z","A"
"2023","SVK","TAX_REV","S13","T_1200","_T","USD","A",4.704902,"9","1200","0","_Z","A"
"2022","SVK","TAX_REV","S13","T_1200","_T","USD","A",4.224994,"9","1200","0","_Z","A"
"2021","SVK","TAX_REV","S13","T_1200","_T","USD","A",4.296466,"9","1200","0","_Z","A"
"2020","SVK","TAX_REV","S13","T_1200","_T","USD","A",3.197863,"9","1200","0","_Z","A"
"2019","SVK","TAX_REV","S13","T_1200","_T","USD","A",3.22222,"9","1200","0","_Z","A"
"2018","SVK","TAX_REV","S13","T_1200","_T","USD","A",3.475432,"9","1200","0","_Z","A"
"2017","SVK","TAX_REV","S13","T_1200","_T","USD","A",3.304836,"9","1200","0","_Z","A"
"2023","COL","TAX_REV","S13","T_1200","_T","USD","A",26.128877,"9","1200","0","_Z","A"
"2022","COL","TAX_REV","S13","T_1200","_T","USD","A",17.222174,"9","1200","0","_Z","A"
"2021","COL","TAX_REV","S13","T_1200","_T","USD","A",14.540311,"9","1200","0","_Z","A"
"2020","COL","TAX_REV","S13","T_1200","_T","USD","A",11.712502,"9","1200","0","_Z","A"
"2019","COL","TAX_REV","S13","T_1200","_T","USD","A",15.32286,"9","1200","0","_Z","A"
"2018","COL","TAX_REV","S13","T_1200","_T","USD","A",16.459344,"9","1200","0","_Z","A"
"2017","COL","TAX_REV","S13","T_1200","_T","USD","A",15.238638,"9","1200","0","_Z","A"
"2023","DNK","TAX_REV","S13","T_1200","_T","USD","A",15.402609,"9","1200","0","_Z","A"
"2022","DNK","TAX_REV","S13","T_1200","_T","USD","A",13.323739,"9","1200","0","_Z","A"
"2021","DNK","TAX_REV","S13","T_1200","_T","USD","A",16.244324,"9","1200","0","_Z","A"
"2020","DNK","TAX_REV","S13","T_1200","_T","USD","A",10.351395,"9","1200","0","_Z","A"
"2019","DNK","TAX_REV","S13","T_1200","_T","USD","A",10.918446,"9","1200","0","_Z","A"
"2018","DNK","TAX_REV","S13","T_1200","_T","USD","A",9.870208,"9","1200","0","_Z","A"
"2017","DNK","TAX_REV","S13","T_1200","_T","USD","A",10.881367,"9","1200","0","_Z","A"
"2023","TUR","TAX_REV","S13","T_1200","_T","USD","A",33.124075,"9","1200","0","_Z","A"
"2022","TUR","TAX_REV","S13","T_1200","_T","USD","A",30.663972,"9","1200","0","_Z","A"
"2021","TUR","TAX_REV","S13","T_1200","_T","USD","A",20.108988,"9","1200","0","_Z","A"
"2020","TUR","TAX_REV","S13","T_1200","_T","USD","A",14.989669,"9","1200","0","_Z","A"
"2019","TUR","TAX_REV","S13","T_1200","_T","USD","A",13.893461,"9","1200","0","_Z","A"
"2018","TUR","TAX_REV","S13","T_1200","_T","USD","A",16.29397,"9","1200","0","_Z","A"
"2017","TUR","TAX_REV","S13","T_1200","_T","USD","A",14.502143,"9","1200","0","_Z","A"
"2023","FIN","TAX_REV","S13","T_1200","_T","USD","A",8.585269,"9","1200","0","_Z","A"
"2022","FIN","TAX_REV","S13","T_1200","_T","USD","A",8.483358,"9","1200","0","_Z","A"
"2021","FIN","TAX_REV","S13","T_1200","_T","USD","A",8.095859,"9","1200","0","_Z","A"
"2020","FIN","TAX_REV","S13","T_1200","_T","USD","A",5.812639,"9","1200","0","_Z","A"
"2019","FIN","TAX_REV","S13","T_1200","_T","USD","A",6.794093,"9","1200","0","_Z","A"
"2018","FIN","TAX_REV","S13","T_1200","_T","USD","A",7.010143,"9","1200","0","_Z","A"
"2017","FIN","TAX_REV","S13","T_1200","_T","USD","A",6.921553,"9","1200","0","_Z","A"
"2016","NOR","TAX_REV","S13","T_1220","_T","USD","A",0,"9","1220","0","_Z","A"
"2023","NOR","TAX_REV","S13","T_1220","_T","USD","A",0,"9","1220","0","_Z","A"
"2022","NOR","TAX_REV","S13","T_1220","_T","USD","A",0,"9","1220","0","_Z","A"
"2021","NOR","TAX_REV","S13","T_1220","_T","USD","A",0,"9","1220","0","_Z","A"
"2020","NOR","TAX_REV","S13","T_1220","_T","USD","A",0,"9","1220","0","_Z","A"
"2019","NOR","TAX_REV","S13","T_1220","_T","USD","A",0,"9","1220","0","_Z","A"
"2018","NOR","TAX_REV","S13","T_1220","_T","USD","A",0,"9","1220","0","_Z","A"
"2023","ISL","TAX_REV","S13","T_1210","_T","USD","A",1.04764,"9","1210","0","_Z","A"
"2022","ISL","TAX_REV","S13","T_1210","_T","USD","A",0.745928,"9","1210","0","_Z","A"
"2021","ISL","TAX_REV","S13","T_1210","_T","USD","A",0.515431,"9","1210","0","_Z","A"
"2020","ISL","TAX_REV","S13","T_1210","_T","USD","A",0.475901,"9","1210","0","_Z","A"
"2019","ISL","TAX_REV","S13","T_1210","_T","USD","A",0.513613,"9","1210","0","_Z","A"
"2018","ISL","TAX_REV","S13","T_1210","_T","USD","A",0.625339,"9","1210","0","_Z","A"
"2017","ISL","TAX_REV","S13","T_1210","_T","USD","A",0.748725,"9","1210","0","_Z","A"
"2023","NZL","TAX_REV","S13","T_1200","_T","USD","A",10.652572,"9","1200","0","_Z","A"
"2022","NZL","TAX_REV","S13","T_1200","_T","USD","A",11.17102,"9","1200","0","_Z","A"
"2021","NZL","TAX_REV","S13","T_1200","_T","USD","A",13.220403,"9","1200","0","_Z","A"
"2020","NZL","TAX_REV","S13","T_1200","_T","USD","A",12.056736,"9","1200","0","_Z","A"
"2019","NZL","TAX_REV","S13","T_1200","_T","USD","A",8.114557,"9","1200","0","_Z","A"
"2018","NZL","TAX_REV","S13","T_1200","_T","USD","A",10.501722,"9","1200","0","_Z","A"
"2017","NZL","TAX_REV","S13","T_1200","_T","USD","A",9.523723,"9","1200","0","_Z","A"
"2023","JPN","TAX_REV","S13","T_1210","_T","USD","A",186.444551,"9","1210","0","_Z","A"
"2022","JPN","TAX_REV","S13","T_1210","_T","USD","A",200.631843,"9","1210","0","_Z","A"
"2021","JPN","TAX_REV","S13","T_1210","_T","USD","A",213.271071,"9","1210","0","_Z","A"
"2020","JPN","TAX_REV","S13","T_1210","_T","USD","A",192.943574,"9","1210","0","_Z","A"
"2019","JPN","TAX_REV","S13","T_1210","_T","USD","A",194.063866,"9","1210","0","_Z","A"
"2018","JPN","TAX_REV","S13","T_1210","_T","USD","A",205.245715,"9","1210","0","_Z","A"
"2017","JPN","TAX_REV","S13","T_1210","_T","USD","A",181.985385,"9","1210","0","_Z","A"
"2023","SWE","TAX_REV","S13","T_1210","_T","USD","A",20.812277,"9","1210","0","_Z","A"
"2022","SWE","TAX_REV","S13","T_1210","_T","USD","A",19.842628,"9","1210","0","_Z","A"
"2021","SWE","TAX_REV","S13","T_1210","_T","USD","A",21.252049,"9","1210","0","_Z","A"
"2020","SWE","TAX_REV","S13","T_1210","_T","USD","A",16.121515,"9","1210","0","_Z","A"
"2019","SWE","TAX_REV","S13","T_1210","_T","USD","A",16.066171,"9","1210","0","_Z","A"
"2018","SWE","TAX_REV","S13","T_1210","_T","USD","A",15.812048,"9","1210","0","_Z","A"
"2017","SWE","TAX_REV","S13","T_1210","_T","USD","A",15.045408,"9","1210","0","_Z","A"
"2023","FRA","TAX_REV","S13","T_1200","_T","USD","A",70.799341,"9","1200","0","_Z","A"
"2022","FRA","TAX_REV","S13","T_1200","_T","USD","A",79.531434,"9","1200","0","_Z","A"
"2021","FRA","TAX_REV","S13","T_1200","_T","USD","A",71.198749,"9","1200","0","_Z","A"
"2020","FRA","TAX_REV","S13","T_1200","_T","USD","A",60.088935,"9","1200","0","_Z","A"
"2019","FRA","TAX_REV","S13","T_1200","_T","USD","A",56.070238,"9","1200","0","_Z","A"
"2018","FRA","TAX_REV","S13","T_1200","_T","USD","A",53.149187,"9","1200","0","_Z","A"
"2017","FRA","TAX_REV","S13","T_1200","_T","USD","A",56.632302,"9","1200","0","_Z","A"
"2023","ITA","TAX_REV","S13","T_1210","_T","USD","A",62.524112,"9","1210","0","_Z","A"
"2022","ITA","TAX_REV","S13","T_1210","_T","USD","A",59.30463,"9","1210","0","_Z","A"
"2021","ITA","TAX_REV","S13","T_1210","_T","USD","A",40.640383,"9","1210","0","_Z","A"
"2020","ITA","TAX_REV","S13","T_1210","_T","USD","A",39.021206,"9","1210","0","_Z","A"
"2019","ITA","TAX_REV","S13","T_1210","_T","USD","A",39.374505,"9","1210","0","_Z","A"
"2018","ITA","TAX_REV","S13","T_1210","_T","USD","A",38.890588,"9","1210","0","_Z","A"
"2017","ITA","TAX_REV","S13","T_1210","_T","USD","A",40.775706,"9","1210","0","_Z","A"
"2016","JPN","TAX_REV","S13","T_1220","_T","USD","A",0,"9","1220","0","_Z","A"
"2023","JPN","TAX_REV","S13","T_1220","_T","USD","A",0,"9","1220","0","_Z","A"
"2022","JPN","TAX_REV","S13","T_1220","_T","USD","A",0,"9","1220","0","_Z","A"
"2021","JPN","TAX_REV","S13","T_1220","_T","USD","A",0,"9","1220","0","_Z","A"
"2020","JPN","TAX_REV","S13","T_1220","_T","USD","A",0,"9","1220","0","_Z","A"
"2019","JPN","TAX_REV","S13","T_1220","_T","USD","A",0,"9","1220","0","_Z","A"
"2018","JPN","TAX_REV","S13","T_1220","_T","USD","A",0,"9","1220","0","_Z","A"
"2017","EST","TAX_REV","S13","T_1210","_T","USD","A",0.045583,"9","1210","0","_Z","A"
"2016","EST","TAX_REV","S13","T_1210","_T","USD","A",0.042295,"9","1210","0","_Z","A"
"2023","EST","TAX_REV","S13","T_1210","_T","USD","A",0.19838,"9","1210","0","_Z","A"
"2022","EST","TAX_REV","S13","T_1210","_T","USD","A",0.115974,"9","1210","0","_Z","A"
"2021","EST","TAX_REV","S13","T_1210","_T","USD","A",0.112982,"9","1210","0","_Z","A"
"2020","EST","TAX_REV","S13","T_1210","_T","USD","A",0.093536,"9","1210","0","_Z","A"
"2019","EST","TAX_REV","S13","T_1210","_T","USD","A",0.104738,"9","1210","0","_Z","A"
"2016","PRT","TAX_REV","S13","T_1220","_T","USD","A",NA,"9","1220","0","_Z","A"
"2023","PRT","TAX_REV","S13","T_1220","_T","USD","A",NA,"9","1220","0","_Z","A"
"2022","PRT","TAX_REV","S13","T_1220","_T","USD","A",NA,"9","1220","0","_Z","A"
"2021","PRT","TAX_REV","S13","T_1220","_T","USD","A",NA,"9","1220","0","_Z","A"
"2020","PRT","TAX_REV","S13","T_1220","_T","USD","A",NA,"9","1220","0","_Z","A"
"2019","PRT","TAX_REV","S13","T_1220","_T","USD","A",NA,"9","1220","0","_Z","A"
"2018","PRT","TAX_REV","S13","T_1220","_T","USD","A",NA,"9","1220","0","_Z","A"
"2016","DNK","TAX_REV","S13","T_1220","_T","USD","A",0,"9","1220","0","_Z","A"
"2023","DNK","TAX_REV","S13","T_1220","_T","USD","A",0,"9","1220","0","_Z","A"
"2022","DNK","TAX_REV","S13","T_1220","_T","USD","A",0,"9","1220","0","_Z","A"
"2021","DNK","TAX_REV","S13","T_1220","_T","USD","A",0,"9","1220","0","_Z","A"
"2020","DNK","TAX_REV","S13","T_1220","_T","USD","A",0,"9","1220","0","_Z","A"
"2019","DNK","TAX_REV","S13","T_1220","_T","USD","A",0,"9","1220","0","_Z","A"
"2018","DNK","TAX_REV","S13","T_1220","_T","USD","A",0,"9","1220","0","_Z","A"
"2023","MEX","TAX_REV","S13","T_1200","_T","USD","A",70.01802,"9","1200","0","_Z","A"
"2022","MEX","TAX_REV","S13","T_1200","_T","USD","A",56.472188,"9","1200","0","_Z","A"
"2021","MEX","TAX_REV","S13","T_1200","_T","USD","A",44.334501,"9","1200","0","_Z","A"
"2020","MEX","TAX_REV","S13","T_1200","_T","USD","A",38.729166,"9","1200","0","_Z","A"
"2019","MEX","TAX_REV","S13","T_1200","_T","USD","A",41.718148,"9","1200","0","_Z","A"
"2018","MEX","TAX_REV","S13","T_1200","_T","USD","A",42.081641,"9","1200","0","_Z","A"
"2017","MEX","TAX_REV","S13","T_1200","_T","USD","A",40.641033,"9","1200","0","_Z","A"
"2016","ESP","TAX_REV","S13","T_1210","_T","USD","A",NA,"9","1210","0","_Z","A"
"2023","ESP","TAX_REV","S13","T_1210","_T","USD","A",1.366723,"9","1210","0","_Z","A"
"2022","ESP","TAX_REV","S13","T_1210","_T","USD","A",NA,"9","1210","0","_Z","A"
"2021","ESP","TAX_REV","S13","T_1210","_T","USD","A",NA,"9","1210","0","_Z","A"
"2020","ESP","TAX_REV","S13","T_1210","_T","USD","A",NA,"9","1210","0","_Z","A"
"2019","ESP","TAX_REV","S13","T_1210","_T","USD","A",NA,"9","1210","0","_Z","A"
"2018","ESP","TAX_REV","S13","T_1210","_T","USD","A",NA,"9","1210","0","_Z","A"
"2023","DEU","TAX_REV","S13","T_1210","_T","USD","A",103.421132,"9","1210","0","_Z","A"
"2022","DEU","TAX_REV","S13","T_1210","_T","USD","A",97.541764,"9","1210","0","_Z","A"
"2021","DEU","TAX_REV","S13","T_1210","_T","USD","A",99.548903,"9","1210","0","_Z","A"
"2020","DEU","TAX_REV","S13","T_1210","_T","USD","A",62.668902,"9","1210","0","_Z","A"
"2019","DEU","TAX_REV","S13","T_1210","_T","USD","A",76.795973,"9","1210","0","_Z","A"
"2018","DEU","TAX_REV","S13","T_1210","_T","USD","A",85.106634,"9","1210","0","_Z","A"
"2017","DEU","TAX_REV","S13","T_1210","_T","USD","A",74.677533,"9","1210","0","_Z","A"
"2023","CHE","TAX_REV","S13","T_1200","_T","USD","A",28.551682,"6","1200","0","_Z","A"
"2022","CHE","TAX_REV","S13","T_1200","_T","USD","A",26.178958,"6","1200","0","_Z","A"
"2021","CHE","TAX_REV","S13","T_1200","_T","USD","A",24.924002,"6","1200","0","_Z","A"
"2020","CHE","TAX_REV","S13","T_1200","_T","USD","A",22.78901,"6","1200","0","_Z","A"
"2019","CHE","TAX_REV","S13","T_1200","_T","USD","A",22.331608,"6","1200","0","_Z","A"
"2018","CHE","TAX_REV","S13","T_1200","_T","USD","A",22.410575,"6","1200","0","_Z","A"
"2017","CHE","TAX_REV","S13","T_1200","_T","USD","A",20.727684,"6","1200","0","_Z","A"
"2016","CHL","TAX_REV","S13","T_1210","_T","USD","A",NA,"9","1210","0","_Z","A"
"2023","CHL","TAX_REV","S13","T_1210","_T","USD","A",NA,"9","1210","0","_Z","A"
"2022","CHL","TAX_REV","S13","T_1210","_T","USD","A",NA,"9","1210","0","_Z","A"
"2021","CHL","TAX_REV","S13","T_1210","_T","USD","A",NA,"9","1210","0","_Z","A"
"2020","CHL","TAX_REV","S13","T_1210","_T","USD","A",NA,"9","1210","0","_Z","A"
"2019","CHL","TAX_REV","S13","T_1210","_T","USD","A",NA,"9","1210","0","_Z","A"
"2018","CHL","TAX_REV","S13","T_1210","_T","USD","A",NA,"9","1210","0","_Z","A"
"2016","LUX","TAX_REV","S13","T_1220","_T","USD","A",0,"9","1220","0","_Z","A"
"2023","LUX","TAX_REV","S13","T_1220","_T","USD","A",0,"9","1220","0","_Z","A"
"2022","LUX","TAX_REV","S13","T_1220","_T","USD","A",0,"9","1220","0","_Z","A"
"2021","LUX","TAX_REV","S13","T_1220","_T","USD","A",0,"9","1220","0","_Z","A"
"2020","LUX","TAX_REV","S13","T_1220","_T","USD","A",0,"9","1220","0","_Z","A"
"2019","LUX","TAX_REV","S13","T_1220","_T","USD","A",0,"9","1220","0","_Z","A"
"2018","LUX","TAX_REV","S13","T_1220","_T","USD","A",0,"9","1220","0","_Z","A"
"2016","KOR","TAX_REV","S13","T_1220","_T","USD","A",0,"9","1220","0","_Z","A"
"2023","KOR","TAX_REV","S13","T_1220","_T","USD","A",0,"9","1220","0","_Z","A"
"2022","KOR","TAX_REV","S13","T_1220","_T","USD","A",0,"9","1220","0","_Z","A"
"2021","KOR","TAX_REV","S13","T_1220","_T","USD","A",0,"9","1220","0","_Z","A"
"2020","KOR","TAX_REV","S13","T_1220","_T","USD","A",0,"9","1220","0","_Z","A"
"2019","KOR","TAX_REV","S13","T_1220","_T","USD","A",0,"9","1220","0","_Z","A"
"2018","KOR","TAX_REV","S13","T_1220","_T","USD","A",0,"9","1220","0","_Z","A"
"2023","IRL","TAX_REV","S13","T_1200","_T","USD","A",26.155762,"9","1200","0","_Z","A"
"2022","IRL","TAX_REV","S13","T_1200","_T","USD","A",23.847662,"9","1200","0","_Z","A"
"2021","IRL","TAX_REV","S13","T_1200","_T","USD","A",18.124608,"9","1200","0","_Z","A"
"2020","IRL","TAX_REV","S13","T_1200","_T","USD","A",13.653598,"9","1200","0","_Z","A"
"2019","IRL","TAX_REV","S13","T_1200","_T","USD","A",12.189626,"9","1200","0","_Z","A"
"2018","IRL","TAX_REV","S13","T_1200","_T","USD","A",12.267354,"9","1200","0","_Z","A"
"2017","IRL","TAX_REV","S13","T_1200","_T","USD","A",9.266321,"9","1200","0","_Z","A"
"2023","CHE","TAX_REV","S13","T_1210","_T","USD","A",28.551682,"6","1210","0","_Z","A"
"2022","CHE","TAX_REV","S13","T_1210","_T","USD","A",26.178958,"6","1210","0","_Z","A"
"2021","CHE","TAX_REV","S13","T_1210","_T","USD","A",24.924002,"6","1210","0","_Z","A"
"2020","CHE","TAX_REV","S13","T_1210","_T","USD","A",22.78901,"6","1210","0","_Z","A"
"2019","CHE","TAX_REV","S13","T_1210","_T","USD","A",22.331608,"6","1210","0","_Z","A"
"2018","CHE","TAX_REV","S13","T_1210","_T","USD","A",22.410575,"6","1210","0","_Z","A"
"2017","CHE","TAX_REV","S13","T_1210","_T","USD","A",20.727684,"6","1210","0","_Z","A"
"2022","SWE","TAX_REV","S13","T_1220","_T","USD","A",0,"9","1220","0","_Z","A"
"2021","SWE","TAX_REV","S13","T_1220","_T","USD","A",0,"9","1220","0","_Z","A"
"2020","SWE","TAX_REV","S13","T_1220","_T","USD","A",0,"9","1220","0","_Z","A"
"2019","SWE","TAX_REV","S13","T_1220","_T","USD","A",0,"9","1220","0","_Z","A"
"2018","SWE","TAX_REV","S13","T_1220","_T","USD","A",0,"9","1220","0","_Z","A"
"2017","SWE","TAX_REV","S13","T_1220","_T","USD","A",0,"9","1220","0","_Z","A"
"2016","SWE","TAX_REV","S13","T_1220","_T","USD","A",0,"9","1220","0","_Z","A"
"2023","CHL","TAX_REV","S13","T_1200","_T","USD","A",17.507085,"9","1200","0","_Z","A"
"2022","CHL","TAX_REV","S13","T_1200","_T","USD","A",17.062094,"9","1200","0","_Z","A"
"2021","CHL","TAX_REV","S13","T_1200","_T","USD","A",12.050607,"9","1200","0","_Z","A"
"2020","CHL","TAX_REV","S13","T_1200","_T","USD","A",11.895375,"9","1200","0","_Z","A"
"2019","CHL","TAX_REV","S13","T_1200","_T","USD","A",13.654157,"9","1200","0","_Z","A"
"2018","CHL","TAX_REV","S13","T_1200","_T","USD","A",13.910525,"9","1200","0","_Z","A"
"2017","CHL","TAX_REV","S13","T_1200","_T","USD","A",11.803362,"9","1200","0","_Z","A"
"2023","NLD","TAX_REV","S13","T_1200","_T","USD","A",56.432464,"9","1200","0","_Z","A"
"2022","NLD","TAX_REV","S13","T_1200","_T","USD","A",49.674397,"9","1200","0","_Z","A"
"2021","NLD","TAX_REV","S13","T_1200","_T","USD","A",39.523639,"9","1200","0","_Z","A"
"2020","NLD","TAX_REV","S13","T_1200","_T","USD","A",28.205404,"9","1200","0","_Z","A"
"2019","NLD","TAX_REV","S13","T_1200","_T","USD","A",33.623427,"9","1200","0","_Z","A"
"2018","NLD","TAX_REV","S13","T_1200","_T","USD","A",32.014483,"9","1200","0","_Z","A"
"2017","NLD","TAX_REV","S13","T_1200","_T","USD","A",27.326972,"9","1200","0","_Z","A"
"2023","EST","TAX_REV","S13","T_1220","_T","USD","A",0.576784,"9","1220","0","_Z","A"
"2022","EST","TAX_REV","S13","T_1220","_T","USD","A",0.511786,"9","1220","0","_Z","A"
"2021","EST","TAX_REV","S13","T_1220","_T","USD","A",0.456122,"9","1220","0","_Z","A"
"2020","EST","TAX_REV","S13","T_1220","_T","USD","A",0.419917,"9","1220","0","_Z","A"
"2019","EST","TAX_REV","S13","T_1220","_T","USD","A",0.465187,"9","1220","0","_Z","A"
"2018","EST","TAX_REV","S13","T_1220","_T","USD","A",0.527461,"9","1220","0","_Z","A"
"2017","EST","TAX_REV","S13","T_1220","_T","USD","A",0.367372,"9","1220","0","_Z","A"
"2016","SWE","TAX_REV","S13","T_1200","_T","USD","A",14.074462,"9","1200","0","_Z","A"
"2023","SWE","TAX_REV","S13","T_1200","_T","USD","A",20.812277,"9","1200","0","_Z","A"
"2022","SWE","TAX_REV","S13","T_1200","_T","USD","A",19.842628,"9","1200","0","_Z","A"
"2021","SWE","TAX_REV","S13","T_1200","_T","USD","A",21.252049,"9","1200","0","_Z","A"
"2020","SWE","TAX_REV","S13","T_1200","_T","USD","A",16.121515,"9","1200","0","_Z","A"
"2019","SWE","TAX_REV","S13","T_1200","_T","USD","A",16.066171,"9","1200","0","_Z","A"
"2018","SWE","TAX_REV","S13","T_1200","_T","USD","A",15.812048,"9","1200","0","_Z","A"
"2016","AUS","TAX_REV","S13","T_1220","_T","USD","A",0,"9","1220","0","_Z","A"
"2022","AUS","TAX_REV","S13","T_1220","_T","USD","A",0,"9","1220","0","_Z","A"
"2021","AUS","TAX_REV","S13","T_1220","_T","USD","A",0,"9","1220","0","_Z","A"
"2020","AUS","TAX_REV","S13","T_1220","_T","USD","A",0,"9","1220","0","_Z","A"
"2019","AUS","TAX_REV","S13","T_1220","_T","USD","A",0,"9","1220","0","_Z","A"
"2018","AUS","TAX_REV","S13","T_1220","_T","USD","A",0,"9","1220","0","_Z","A"
"2023","CAN","TAX_REV","S13","T_1200","_T","USD","A",99.770829,"9","1200","0","_Z","A"
"2022","CAN","TAX_REV","S13","T_1200","_T","USD","A",101.44161,"9","1200","0","_Z","A"
"2021","CAN","TAX_REV","S13","T_1200","_T","USD","A",98.354843,"9","1200","0","_Z","A"
"2020","CAN","TAX_REV","S13","T_1200","_T","USD","A",68.695906,"9","1200","0","_Z","A"
"2019","CAN","TAX_REV","S13","T_1200","_T","USD","A",65.28108,"9","1200","0","_Z","A"
"2018","CAN","TAX_REV","S13","T_1200","_T","USD","A",70.500634,"9","1200","0","_Z","A"
"2017","CAN","TAX_REV","S13","T_1200","_T","USD","A",64.155428,"9","1200","0","_Z","A"
"2016","MEX","TAX_REV","S13","T_1220","_T","USD","A",NA,"9","1220","0","_Z","A"
"2023","MEX","TAX_REV","S13","T_1220","_T","USD","A",NA,"9","1220","0","_Z","A"
"2022","MEX","TAX_REV","S13","T_1220","_T","USD","A",NA,"9","1220","0","_Z","A"
"2021","MEX","TAX_REV","S13","T_1220","_T","USD","A",NA,"9","1220","0","_Z","A"
"2020","MEX","TAX_REV","S13","T_1220","_T","USD","A",NA,"9","1220","0","_Z","A"
"2019","MEX","TAX_REV","S13","T_1220","_T","USD","A",NA,"9","1220","0","_Z","A"
"2018","MEX","TAX_REV","S13","T_1220","_T","USD","A",NA,"9","1220","0","_Z","A"
"2023","USA","TAX_REV","S13","T_1210","_T","USD","A",512.26871,"9","1210","0","_Z","A"
"2022","USA","TAX_REV","S13","T_1210","_T","USD","A",472.339488,"9","1210","0","_Z","A"
"2021","USA","TAX_REV","S13","T_1210","_T","USD","A",324.712209,"9","1210","0","_Z","A"
"2020","USA","TAX_REV","S13","T_1210","_T","USD","A",253.908557,"9","1210","0","_Z","A"
"2019","USA","TAX_REV","S13","T_1210","_T","USD","A",236.533121,"9","1210","0","_Z","A"
"2018","USA","TAX_REV","S13","T_1210","_T","USD","A",245.84624,"9","1210","0","_Z","A"
"2017","USA","TAX_REV","S13","T_1210","_T","USD","A",238.114853,"9","1210","0","_Z","A"
"2023","AUT","TAX_REV","S13","T_1200","_T","USD","A",16.883592,"9","1200","0","_Z","A"
"2022","AUT","TAX_REV","S13","T_1200","_T","USD","A",16.13817,"9","1200","0","_Z","A"
"2021","AUT","TAX_REV","S13","T_1200","_T","USD","A",13.208438,"9","1200","0","_Z","A"
"2020","AUT","TAX_REV","S13","T_1200","_T","USD","A",9.346008,"9","1200","0","_Z","A"
"2019","AUT","TAX_REV","S13","T_1200","_T","USD","A",12.085151,"9","1200","0","_Z","A"
"2018","AUT","TAX_REV","S13","T_1200","_T","USD","A",12.329351,"9","1200","0","_Z","A"
"2017","AUT","TAX_REV","S13","T_1200","_T","USD","A",10.303949,"9","1200","0","_Z","A"
"2023","EST","TAX_REV","S13","T_1200","_T","USD","A",0.775163,"9","1200","0","_Z","A"
"2022","EST","TAX_REV","S13","T_1200","_T","USD","A",0.62776,"9","1200","0","_Z","A"
"2021","EST","TAX_REV","S13","T_1200","_T","USD","A",0.569104,"9","1200","0","_Z","A"
"2020","EST","TAX_REV","S13","T_1200","_T","USD","A",0.513453,"9","1200","0","_Z","A"
"2019","EST","TAX_REV","S13","T_1200","_T","USD","A",0.569925,"9","1200","0","_Z","A"
"2018","EST","TAX_REV","S13","T_1200","_T","USD","A",0.611557,"9","1200","0","_Z","A"
"2017","EST","TAX_REV","S13","T_1200","_T","USD","A",0.412955,"9","1200","0","_Z","A"
"2023","SVN","TAX_REV","S13","T_1210","_T","USD","A",1.613142,"6","1210","0","_Z","A"
"2022","SVN","TAX_REV","S13","T_1210","_T","USD","A",1.402352,"6","1210","0","_Z","A"
"2021","SVN","TAX_REV","S13","T_1210","_T","USD","A",1.527172,"6","1210","0","_Z","A"
"2020","SVN","TAX_REV","S13","T_1210","_T","USD","A",1.067966,"6","1210","0","_Z","A"
"2019","SVN","TAX_REV","S13","T_1210","_T","USD","A",1.067464,"6","1210","0","_Z","A"
"2018","SVN","TAX_REV","S13","T_1210","_T","USD","A",1.046188,"6","1210","0","_Z","A"
"2017","SVN","TAX_REV","S13","T_1210","_T","USD","A",0.862847,"6","1210","0","_Z","A"
"2023","FIN","TAX_REV","S13","T_1210","_T","USD","A",8.585269,"9","1210","0","_Z","A"
"2022","FIN","TAX_REV","S13","T_1210","_T","USD","A",8.483358,"9","1210","0","_Z","A"
"2021","FIN","TAX_REV","S13","T_1210","_T","USD","A",8.095859,"9","1210","0","_Z","A"
"2020","FIN","TAX_REV","S13","T_1210","_T","USD","A",5.812639,"9","1210","0","_Z","A"
"2019","FIN","TAX_REV","S13","T_1210","_T","USD","A",6.794093,"9","1210","0","_Z","A"
"2018","FIN","TAX_REV","S13","T_1210","_T","USD","A",7.010143,"9","1210","0","_Z","A"
"2017","FIN","TAX_REV","S13","T_1210","_T","USD","A",6.921553,"9","1210","0","_Z","A"
"2016","SVN","TAX_REV","S13","T_1200","_T","USD","A",0.713749,"6","1200","0","_Z","A"
"2023","SVN","TAX_REV","S13","T_1200","_T","USD","A",1.613142,"6","1200","0","_Z","A"
"2022","SVN","TAX_REV","S13","T_1200","_T","USD","A",1.402352,"6","1200","0","_Z","A"
"2021","SVN","TAX_REV","S13","T_1200","_T","USD","A",1.527172,"6","1200","0","_Z","A"
"2020","SVN","TAX_REV","S13","T_1200","_T","USD","A",1.067966,"6","1200","0","_Z","A"
"2019","SVN","TAX_REV","S13","T_1200","_T","USD","A",1.067464,"6","1200","0","_Z","A"
"2018","SVN","TAX_REV","S13","T_1200","_T","USD","A",1.046188,"6","1200","0","_Z","A"
"2023","CRI","TAX_REV","S13","T_1200","_T","USD","A",2.288263,"9","1200","0","_Z","A"
"2022","CRI","TAX_REV","S13","T_1200","_T","USD","A",1.837072,"9","1200","0","_Z","A"
"2021","CRI","TAX_REV","S13","T_1200","_T","USD","A",1.563418,"9","1200","0","_Z","A"
"2020","CRI","TAX_REV","S13","T_1200","_T","USD","A",1.184049,"9","1200","0","_Z","A"
"2019","CRI","TAX_REV","S13","T_1200","_T","USD","A",1.801627,"9","1200","0","_Z","A"
"2018","CRI","TAX_REV","S13","T_1200","_T","USD","A",1.586356,"9","1200","0","_Z","A"
"2017","CRI","TAX_REV","S13","T_1200","_T","USD","A",1.486978,"9","1200","0","_Z","A"
"2016","HUN","TAX_REV","S13","T_1220","_T","USD","A",NA,"6","1220","0","_Z","A"
"2023","HUN","TAX_REV","S13","T_1220","_T","USD","A",NA,"6","1220","0","_Z","A"
"2022","HUN","TAX_REV","S13","T_1220","_T","USD","A",NA,"6","1220","0","_Z","A"
"2021","HUN","TAX_REV","S13","T_1220","_T","USD","A",NA,"6","1220","0","_Z","A"
"2020","HUN","TAX_REV","S13","T_1220","_T","USD","A",NA,"6","1220","0","_Z","A"
"2019","HUN","TAX_REV","S13","T_1220","_T","USD","A",NA,"6","1220","0","_Z","A"
"2018","HUN","TAX_REV","S13","T_1220","_T","USD","A",NA,"6","1220","0","_Z","A"
"2016","COL","TAX_REV","S13","T_1220","_T","USD","A",NA,"9","1220","0","_Z","A"
"2023","COL","TAX_REV","S13","T_1220","_T","USD","A",NA,"9","1220","0","_Z","A"
"2022","COL","TAX_REV","S13","T_1220","_T","USD","A",NA,"9","1220","0","_Z","A"
"2021","COL","TAX_REV","S13","T_1220","_T","USD","A",NA,"9","1220","0","_Z","A"
"2020","COL","TAX_REV","S13","T_1220","_T","USD","A",NA,"9","1220","0","_Z","A"
"2019","COL","TAX_REV","S13","T_1220","_T","USD","A",NA,"9","1220","0","_Z","A"
"2018","COL","TAX_REV","S13","T_1220","_T","USD","A",NA,"9","1220","0","_Z","A"
"2016","AUT","TAX_REV","S13","T_1220","_T","USD","A",0,"9","1220","0","_Z","A"
"2023","AUT","TAX_REV","S13","T_1220","_T","USD","A",0,"9","1220","0","_Z","A"
"2022","AUT","TAX_REV","S13","T_1220","_T","USD","A",0,"9","1220","0","_Z","A"
"2021","AUT","TAX_REV","S13","T_1220","_T","USD","A",0,"9","1220","0","_Z","A"
"2020","AUT","TAX_REV","S13","T_1220","_T","USD","A",0,"9","1220","0","_Z","A"
"2019","AUT","TAX_REV","S13","T_1220","_T","USD","A",0,"9","1220","0","_Z","A"
"2018","AUT","TAX_REV","S13","T_1220","_T","USD","A",0,"9","1220","0","_Z","A"
"2023","NOR","TAX_REV","S13","T_1200","_T","USD","A",56.900696,"9","1200","0","_Z","A"
"2022","NOR","TAX_REV","S13","T_1200","_T","USD","A",108.97356,"9","1200","0","_Z","A"
"2021","NOR","TAX_REV","S13","T_1200","_T","USD","A",49.110827,"9","1200","0","_Z","A"
"2020","NOR","TAX_REV","S13","T_1200","_T","USD","A",10.249863,"9","1200","0","_Z","A"
"2019","NOR","TAX_REV","S13","T_1200","_T","USD","A",24.299773,"9","1200","0","_Z","A"
"2018","NOR","TAX_REV","S13","T_1200","_T","USD","A",28.227113,"9","1200","0","_Z","A"
"2017","NOR","TAX_REV","S13","T_1200","_T","USD","A",19.417972,"9","1200","0","_Z","A"
"2023","NOR","TAX_REV","S13","T_1210","_T","USD","A",56.900696,"9","1210","0","_Z","A"
"2022","NOR","TAX_REV","S13","T_1210","_T","USD","A",108.97356,"9","1210","0","_Z","A"
"2021","NOR","TAX_REV","S13","T_1210","_T","USD","A",49.110827,"9","1210","0","_Z","A"
"2020","NOR","TAX_REV","S13","T_1210","_T","USD","A",10.249863,"9","1210","0","_Z","A"
"2019","NOR","TAX_REV","S13","T_1210","_T","USD","A",24.299773,"9","1210","0","_Z","A"
"2018","NOR","TAX_REV","S13","T_1210","_T","USD","A",28.227113,"9","1210","0","_Z","A"
"2017","NOR","TAX_REV","S13","T_1210","_T","USD","A",19.417972,"9","1210","0","_Z","A"
"2023","ISL","TAX_REV","S13","T_1200","_T","USD","A",1.04764,"9","1200","0","_Z","A"
"2022","ISL","TAX_REV","S13","T_1200","_T","USD","A",0.745928,"9","1200","0","_Z","A"
"2021","ISL","TAX_REV","S13","T_1200","_T","USD","A",0.515431,"9","1200","0","_Z","A"
"2020","ISL","TAX_REV","S13","T_1200","_T","USD","A",0.475901,"9","1200","0","_Z","A"
"2019","ISL","TAX_REV","S13","T_1200","_T","USD","A",0.513613,"9","1200","0","_Z","A"
"2018","ISL","TAX_REV","S13","T_1200","_T","USD","A",0.625339,"9","1200","0","_Z","A"
"2017","ISL","TAX_REV","S13","T_1200","_T","USD","A",0.748725,"9","1200","0","_Z","A"
"2016","SVK","TAX_REV","S13","T_1220","_T","USD","A",0,"9","1220","0","_Z","A"
"2023","SVK","TAX_REV","S13","T_1220","_T","USD","A",0,"9","1220","0","_Z","A"
"2022","SVK","TAX_REV","S13","T_1220","_T","USD","A",0,"9","1220","0","_Z","A"
"2021","SVK","TAX_REV","S13","T_1220","_T","USD","A",0,"9","1220","0","_Z","A"
"2020","SVK","TAX_REV","S13","T_1220","_T","USD","A",0,"9","1220","0","_Z","A"
"2019","SVK","TAX_REV","S13","T_1220","_T","USD","A",0,"9","1220","0","_Z","A"
"2018","SVK","TAX_REV","S13","T_1220","_T","USD","A",0,"9","1220","0","_Z","A"
"2016","CHL","TAX_REV","S13","T_1220","_T","USD","A",NA,"9","1220","0","_Z","A"
"2023","CHL","TAX_REV","S13","T_1220","_T","USD","A",NA,"9","1220","0","_Z","A"
"2022","CHL","TAX_REV","S13","T_1220","_T","USD","A",NA,"9","1220","0","_Z","A"
"2021","CHL","TAX_REV","S13","T_1220","_T","USD","A",NA,"9","1220","0","_Z","A"
"2020","CHL","TAX_REV","S13","T_1220","_T","USD","A",NA,"9","1220","0","_Z","A"
"2019","CHL","TAX_REV","S13","T_1220","_T","USD","A",NA,"9","1220","0","_Z","A"
"2018","CHL","TAX_REV","S13","T_1220","_T","USD","A",NA,"9","1220","0","_Z","A"
"2016","IRL","TAX_REV","S13","T_1220","_T","USD","A",0,"9","1220","0","_Z","A"
"2023","IRL","TAX_REV","S13","T_1220","_T","USD","A",0,"9","1220","0","_Z","A"
"2022","IRL","TAX_REV","S13","T_1220","_T","USD","A",0,"9","1220","0","_Z","A"
"2021","IRL","TAX_REV","S13","T_1220","_T","USD","A",0,"9","1220","0","_Z","A"
"2020","IRL","TAX_REV","S13","T_1220","_T","USD","A",0,"9","1220","0","_Z","A"
"2019","IRL","TAX_REV","S13","T_1220","_T","USD","A",0,"9","1220","0","_Z","A"
"2018","IRL","TAX_REV","S13","T_1220","_T","USD","A",0,"9","1220","0","_Z","A"
"2016","ESP","TAX_REV","S13","T_1220","_T","USD","A",NA,"9","1220","0","_Z","A"
"2023","ESP","TAX_REV","S13","T_1220","_T","USD","A",NA,"9","1220","0","_Z","A"
"2022","ESP","TAX_REV","S13","T_1220","_T","USD","A",NA,"9","1220","0","_Z","A"
"2021","ESP","TAX_REV","S13","T_1220","_T","USD","A",NA,"9","1220","0","_Z","A"
"2020","ESP","TAX_REV","S13","T_1220","_T","USD","A",NA,"9","1220","0","_Z","A"
"2019","ESP","TAX_REV","S13","T_1220","_T","USD","A",NA,"9","1220","0","_Z","A"
"2018","ESP","TAX_REV","S13","T_1220","_T","USD","A",NA,"9","1220","0","_Z","A"
"2023","PRT","TAX_REV","S13","T_1200","_T","USD","A",9.949392,"9","1200","0","_Z","A"
"2022","PRT","TAX_REV","S13","T_1200","_T","USD","A",8.510244,"9","1200","0","_Z","A"
"2021","PRT","TAX_REV","S13","T_1200","_T","USD","A",6.157222,"9","1200","0","_Z","A"
"2020","PRT","TAX_REV","S13","T_1200","_T","USD","A",6.32783,"9","1200","0","_Z","A"
"2019","PRT","TAX_REV","S13","T_1200","_T","USD","A",7.479958,"9","1200","0","_Z","A"
"2018","PRT","TAX_REV","S13","T_1200","_T","USD","A",8.032951,"9","1200","0","_Z","A"
"2017","PRT","TAX_REV","S13","T_1200","_T","USD","A",7.08469,"9","1200","0","_Z","A"
"2023","LUX","TAX_REV","S13","T_1200","_T","USD","A",4.282405,"9","1200","0","_Z","A"
"2022","LUX","TAX_REV","S13","T_1200","_T","USD","A",3.588128,"9","1200","0","_Z","A"
"2021","LUX","TAX_REV","S13","T_1200","_T","USD","A",3.871507,"9","1200","0","_Z","A"
"2020","LUX","TAX_REV","S13","T_1200","_T","USD","A",3.517646,"9","1200","0","_Z","A"
"2019","LUX","TAX_REV","S13","T_1200","_T","USD","A",4.210478,"9","1200","0","_Z","A"
"2018","LUX","TAX_REV","S13","T_1200","_T","USD","A",4.478811,"9","1200","0","_Z","A"
"2017","LUX","TAX_REV","S13","T_1200","_T","USD","A",3.277786,"9","1200","0","_Z","A"
"2023","ITA","TAX_REV","S13","T_1220","_T","USD","A",0.005406,"9","1220","0","_Z","A"
"2022","ITA","TAX_REV","S13","T_1220","_T","USD","A",0.002106,"9","1220","0","_Z","A"
"2021","ITA","TAX_REV","S13","T_1220","_T","USD","A",0.001183,"9","1220","0","_Z","A"
"2020","ITA","TAX_REV","S13","T_1220","_T","USD","A",0.002284,"9","1220","0","_Z","A"
"2019","ITA","TAX_REV","S13","T_1220","_T","USD","A",0.004478,"9","1220","0","_Z","A"
"2018","ITA","TAX_REV","S13","T_1220","_T","USD","A",0.005905,"9","1220","0","_Z","A"
"2017","ITA","TAX_REV","S13","T_1220","_T","USD","A",0.009037,"9","1220","0","_Z","A"
"2023","ISR","TAX_REV","S13","T_1220","_T","USD","A",0.654419,"9","1220","0","_Z","A"
"2022","ISR","TAX_REV","S13","T_1220","_T","USD","A",1.202519,"9","1220","0","_Z","A"
"2021","ISR","TAX_REV","S13","T_1220","_T","USD","A",0.907065,"9","1220","0","_Z","A"
"2020","ISR","TAX_REV","S13","T_1220","_T","USD","A",0.752381,"9","1220","0","_Z","A"
"2019","ISR","TAX_REV","S13","T_1220","_T","USD","A",0.549863,"9","1220","0","_Z","A"
"2018","ISR","TAX_REV","S13","T_1220","_T","USD","A",0.576512,"9","1220","0","_Z","A"
"2017","ISR","TAX_REV","S13","T_1220","_T","USD","A",0.944561,"9","1220","0","_Z","A"
"2023","LUX","TAX_REV","S13","T_1210","_T","USD","A",4.282405,"9","1210","0","_Z","A"
"2022","LUX","TAX_REV","S13","T_1210","_T","USD","A",3.588128,"9","1210","0","_Z","A"
"2021","LUX","TAX_REV","S13","T_1210","_T","USD","A",3.871507,"9","1210","0","_Z","A"
"2020","LUX","TAX_REV","S13","T_1210","_T","USD","A",3.517646,"9","1210","0","_Z","A"
"2019","LUX","TAX_REV","S13","T_1210","_T","USD","A",4.210478,"9","1210","0","_Z","A"
"2018","LUX","TAX_REV","S13","T_1210","_T","USD","A",4.478811,"9","1210","0","_Z","A"
"2017","LUX","TAX_REV","S13","T_1210","_T","USD","A",3.277786,"9","1210","0","_Z","A"
"2023","HUN","TAX_REV","S13","T_1200","_T","USD","A",4.587016,"6","1200","0","_Z","A"
"2022","HUN","TAX_REV","S13","T_1200","_T","USD","A",2.936015,"6","1200","0","_Z","A"
"2021","HUN","TAX_REV","S13","T_1200","_T","USD","A",2.496721,"6","1200","0","_Z","A"
"2020","HUN","TAX_REV","S13","T_1200","_T","USD","A",2.020434,"6","1200","0","_Z","A"
"2019","HUN","TAX_REV","S13","T_1200","_T","USD","A",2.024104,"6","1200","0","_Z","A"
"2018","HUN","TAX_REV","S13","T_1200","_T","USD","A",2.116478,"6","1200","0","_Z","A"
"2017","HUN","TAX_REV","S13","T_1200","_T","USD","A",2.819446,"6","1200","0","_Z","A"
"2016","SVN","TAX_REV","S13","T_1220","_T","USD","A",0,"6","1220","0","_Z","A"
"2023","SVN","TAX_REV","S13","T_1220","_T","USD","A",0,"6","1220","0","_Z","A"
"2022","SVN","TAX_REV","S13","T_1220","_T","USD","A",0,"6","1220","0","_Z","A"
"2021","SVN","TAX_REV","S13","T_1220","_T","USD","A",0,"6","1220","0","_Z","A"
"2020","SVN","TAX_REV","S13","T_1220","_T","USD","A",0,"6","1220","0","_Z","A"
"2019","SVN","TAX_REV","S13","T_1220","_T","USD","A",0,"6","1220","0","_Z","A"
"2018","SVN","TAX_REV","S13","T_1220","_T","USD","A",0,"6","1220","0","_Z","A"
"2016","CAN","TAX_REV","S13","T_1220","_T","USD","A",0,"9","1220","0","_Z","A"
"2023","CAN","TAX_REV","S13","T_1220","_T","USD","A",0,"9","1220","0","_Z","A"
"2022","CAN","TAX_REV","S13","T_1220","_T","USD","A",0,"9","1220","0","_Z","A"
"2021","CAN","TAX_REV","S13","T_1220","_T","USD","A",0,"9","1220","0","_Z","A"
"2020","CAN","TAX_REV","S13","T_1220","_T","USD","A",0,"9","1220","0","_Z","A"
"2019","CAN","TAX_REV","S13","T_1220","_T","USD","A",0,"9","1220","0","_Z","A"
"2018","CAN","TAX_REV","S13","T_1220","_T","USD","A",0,"9","1220","0","_Z","A"
"2021","OECD_REP","TAX_REV","S13","T_1210","_T","USD","A",44.386691,"9","1210","0","_Z","A"
"2020","OECD_REP","TAX_REV","S13","T_1210","_T","USD","A",33.648495,"9","1210","0","_Z","A"
"2019","OECD_REP","TAX_REV","S13","T_1210","_T","USD","A",34.262043,"9","1210","0","_Z","A"
"2018","OECD_REP","TAX_REV","S13","T_1210","_T","USD","A",36.225703,"9","1210","0","_Z","A"
"2017","OECD_REP","TAX_REV","S13","T_1210","_T","USD","A",33.315599,"9","1210","0","_Z","A"
"2016","OECD_REP","TAX_REV","S13","T_1210","_T","USD","A",33.549979,"9","1210","0","_Z","A"
"2016","LVA","TAX_REV","S13","T_1220","_T","USD","A",0,"9","1220","0","_Z","A"
"2023","LVA","TAX_REV","S13","T_1220","_T","USD","A",0,"9","1220","0","_Z","A"
"2022","LVA","TAX_REV","S13","T_1220","_T","USD","A",0,"9","1220","0","_Z","A"
"2021","LVA","TAX_REV","S13","T_1220","_T","USD","A",0,"9","1220","0","_Z","A"
"2020","LVA","TAX_REV","S13","T_1220","_T","USD","A",0,"9","1220","0","_Z","A"
"2019","LVA","TAX_REV","S13","T_1220","_T","USD","A",0,"9","1220","0","_Z","A"
"2018","LVA","TAX_REV","S13","T_1220","_T","USD","A",0,"9","1220","0","_Z","A"
"2023","TUR","TAX_REV","S13","T_1210","_T","USD","A",33.124075,"9","1210","0","_Z","A"
"2022","TUR","TAX_REV","S13","T_1210","_T","USD","A",30.663972,"9","1210","0","_Z","A"
"2021","TUR","TAX_REV","S13","T_1210","_T","USD","A",20.108988,"9","1210","0","_Z","A"
"2020","TUR","TAX_REV","S13","T_1210","_T","USD","A",14.989669,"9","1210","0","_Z","A"
"2019","TUR","TAX_REV","S13","T_1210","_T","USD","A",13.893461,"9","1210","0","_Z","A"
"2018","TUR","TAX_REV","S13","T_1210","_T","USD","A",16.29397,"9","1210","0","_Z","A"
"2017","TUR","TAX_REV","S13","T_1210","_T","USD","A",14.502143,"9","1210","0","_Z","A"
"2016","HUN","TAX_REV","S13","T_1210","_T","USD","A",NA,"6","1210","0","_Z","A"
"2023","HUN","TAX_REV","S13","T_1210","_T","USD","A",NA,"6","1210","0","_Z","A"
"2022","HUN","TAX_REV","S13","T_1210","_T","USD","A",NA,"6","1210","0","_Z","A"
"2021","HUN","TAX_REV","S13","T_1210","_T","USD","A",NA,"6","1210","0","_Z","A"
"2020","HUN","TAX_REV","S13","T_1210","_T","USD","A",NA,"6","1210","0","_Z","A"
"2019","HUN","TAX_REV","S13","T_1210","_T","USD","A",NA,"6","1210","0","_Z","A"
"2018","HUN","TAX_REV","S13","T_1210","_T","USD","A",NA,"6","1210","0","_Z","A"
"2023","FRA","TAX_REV","S13","T_1210","_T","USD","A",70.799341,"9","1210","0","_Z","A"
"2022","FRA","TAX_REV","S13","T_1210","_T","USD","A",79.531434,"9","1210","0","_Z","A"
"2021","FRA","TAX_REV","S13","T_1210","_T","USD","A",71.198749,"9","1210","0","_Z","A"
"2020","FRA","TAX_REV","S13","T_1210","_T","USD","A",60.088935,"9","1210","0","_Z","A"
"2019","FRA","TAX_REV","S13","T_1210","_T","USD","A",56.070238,"9","1210","0","_Z","A"
"2018","FRA","TAX_REV","S13","T_1210","_T","USD","A",53.149187,"9","1210","0","_Z","A"
"2017","FRA","TAX_REV","S13","T_1210","_T","USD","A",56.632302,"9","1210","0","_Z","A"
"2016","BEL","TAX_REV","S13","T_1220","_T","USD","A",0,"9","1220","0","_Z","A"
"2023","BEL","TAX_REV","S13","T_1220","_T","USD","A",0,"9","1220","0","_Z","A"
"2022","BEL","TAX_REV","S13","T_1220","_T","USD","A",0,"9","1220","0","_Z","A"
"2021","BEL","TAX_REV","S13","T_1220","_T","USD","A",0,"9","1220","0","_Z","A"
"2020","BEL","TAX_REV","S13","T_1220","_T","USD","A",0,"9","1220","0","_Z","A"
"2019","BEL","TAX_REV","S13","T_1220","_T","USD","A",0,"9","1220","0","_Z","A"
"2018","BEL","TAX_REV","S13","T_1220","_T","USD","A",0,"9","1220","0","_Z","A"
"2016","OECD_REP","TAX_REV","S13","T_1200","_T","USD","A",32.219942,"9","1200","0","_Z","A"
"2022","OECD_REP","TAX_REV","S13","T_1200","_T","USD","A",50.385216,"9","1200","0","_Z","A"
"2021","OECD_REP","TAX_REV","S13","T_1200","_T","USD","A",42.494899,"9","1200","0","_Z","A"
"2020","OECD_REP","TAX_REV","S13","T_1200","_T","USD","A",32.127808,"9","1200","0","_Z","A"
"2019","OECD_REP","TAX_REV","S13","T_1200","_T","USD","A",33.069949,"9","1200","0","_Z","A"
"2018","OECD_REP","TAX_REV","S13","T_1200","_T","USD","A",34.698226,"9","1200","0","_Z","A"
"2023","CZE","TAX_REV","S13","T_1200","_T","USD","A",16.036587,"9","1200","0","_Z","A"
"2022","CZE","TAX_REV","S13","T_1200","_T","USD","A",12.897207,"9","1200","0","_Z","A"
"2021","CZE","TAX_REV","S13","T_1200","_T","USD","A",11.180895,"9","1200","0","_Z","A"
"2020","CZE","TAX_REV","S13","T_1200","_T","USD","A",8.040268,"9","1200","0","_Z","A"
"2019","CZE","TAX_REV","S13","T_1200","_T","USD","A",8.857236,"9","1200","0","_Z","A"
"2018","CZE","TAX_REV","S13","T_1200","_T","USD","A",9.020514,"9","1200","0","_Z","A"
"2017","CZE","TAX_REV","S13","T_1200","_T","USD","A",8.056089,"9","1200","0","_Z","A"
"2023","LTU","TAX_REV","S13","T_1200","_T","USD","A",2.065219,"9","1200","0","_Z","A"
"2022","LTU","TAX_REV","S13","T_1200","_T","USD","A",1.656451,"9","1200","0","_Z","A"
"2021","LTU","TAX_REV","S13","T_1200","_T","USD","A",1.372678,"9","1200","0","_Z","A"
"2020","LTU","TAX_REV","S13","T_1200","_T","USD","A",0.941893,"9","1200","0","_Z","A"
"2019","LTU","TAX_REV","S13","T_1200","_T","USD","A",0.849846,"9","1200","0","_Z","A"
"2018","LTU","TAX_REV","S13","T_1200","_T","USD","A",0.816333,"9","1200","0","_Z","A"
"2017","LTU","TAX_REV","S13","T_1200","_T","USD","A",0.712862,"9","1200","0","_Z","A"
"2023","ESP","TAX_REV","S13","T_1200","_T","USD","A",46.608062,"9","1200","0","_Z","A"
"2022","ESP","TAX_REV","S13","T_1200","_T","USD","A",38.49313,"9","1200","0","_Z","A"
"2021","ESP","TAX_REV","S13","T_1200","_T","USD","A",38.194239,"9","1200","0","_Z","A"
"2020","ESP","TAX_REV","S13","T_1200","_T","USD","A",25.148885,"9","1200","0","_Z","A"
"2019","ESP","TAX_REV","S13","T_1200","_T","USD","A",28.750353,"9","1200","0","_Z","A"
"2018","ESP","TAX_REV","S13","T_1200","_T","USD","A",35.034183,"9","1200","0","_Z","A"
"2017","ESP","TAX_REV","S13","T_1200","_T","USD","A",29.349101,"9","1200","0","_Z","A"
"2022","IRL","TAX_REV","S13","T_1210","_T","USD","A",23.847662,"9","1210","0","_Z","A"
"2021","IRL","TAX_REV","S13","T_1210","_T","USD","A",18.124608,"9","1210","0","_Z","A"
"2020","IRL","TAX_REV","S13","T_1210","_T","USD","A",13.653598,"9","1210","0","_Z","A"
"2019","IRL","TAX_REV","S13","T_1210","_T","USD","A",12.189626,"9","1210","0","_Z","A"
"2018","IRL","TAX_REV","S13","T_1210","_T","USD","A",12.267354,"9","1210","0","_Z","A"
"2017","IRL","TAX_REV","S13","T_1210","_T","USD","A",9.266321,"9","1210","0","_Z","A"
"2016","IRL","TAX_REV","S13","T_1210","_T","USD","A",8.138904,"9","1210","0","_Z","A"
"2023","CRI","TAX_REV","S13","T_1210","_T","USD","A",2.259234,"9","1210","0","_Z","A"
"2022","CRI","TAX_REV","S13","T_1210","_T","USD","A",1.796682,"9","1210","0","_Z","A"
"2021","CRI","TAX_REV","S13","T_1210","_T","USD","A",1.535074,"9","1210","0","_Z","A"
"2020","CRI","TAX_REV","S13","T_1210","_T","USD","A",1.171942,"9","1210","0","_Z","A"
"2019","CRI","TAX_REV","S13","T_1210","_T","USD","A",1.627647,"9","1210","0","_Z","A"
"2018","CRI","TAX_REV","S13","T_1210","_T","USD","A",1.586356,"9","1210","0","_Z","A"
"2017","CRI","TAX_REV","S13","T_1210","_T","USD","A",1.486978,"9","1210","0","_Z","A"
"2022","AUS","TAX_REV","S13","T_1210","_T","USD","A",111.512104,"9","1210","0","_Z","A"
"2021","AUS","TAX_REV","S13","T_1210","_T","USD","A",110.31988,"9","1210","0","_Z","A"
"2020","AUS","TAX_REV","S13","T_1210","_T","USD","A",79.722024,"9","1210","0","_Z","A"
"2019","AUS","TAX_REV","S13","T_1210","_T","USD","A",65.027401,"9","1210","0","_Z","A"
"2018","AUS","TAX_REV","S13","T_1210","_T","USD","A",75.907868,"9","1210","0","_Z","A"
"2017","AUS","TAX_REV","S13","T_1210","_T","USD","A",72.84889,"9","1210","0","_Z","A"
"2022","BEL","TAX_REV","S13","T_1200","_T","USD","A",22.829457,"9","1200","0","_Z","A"
"2021","BEL","TAX_REV","S13","T_1200","_T","USD","A",22.495724,"9","1200","0","_Z","A"
"2020","BEL","TAX_REV","S13","T_1200","_T","USD","A",17.13432,"9","1200","0","_Z","A"
"2019","BEL","TAX_REV","S13","T_1200","_T","USD","A",19.845938,"9","1200","0","_Z","A"
"2018","BEL","TAX_REV","S13","T_1200","_T","USD","A",23.369191,"9","1200","0","_Z","A"
"2017","BEL","TAX_REV","S13","T_1200","_T","USD","A",20.444733,"9","1200","0","_Z","A"
"2016","BEL","TAX_REV","S13","T_1200","_T","USD","A",16.204627,"9","1200","0","_Z","A"
"2022","AUS","TAX_REV","S13","T_1200","_T","USD","A",111.512104,"9","1200","0","_Z","A"
"2021","AUS","TAX_REV","S13","T_1200","_T","USD","A",110.31988,"9","1200","0","_Z","A"
"2020","AUS","TAX_REV","S13","T_1200","_T","USD","A",79.722024,"9","1200","0","_Z","A"
"2019","AUS","TAX_REV","S13","T_1200","_T","USD","A",65.027401,"9","1200","0","_Z","A"
"2018","AUS","TAX_REV","S13","T_1200","_T","USD","A",75.907868,"9","1200","0","_Z","A"
"2017","AUS","TAX_REV","S13","T_1200","_T","USD","A",72.84889,"9","1200","0","_Z","A"
"2022","POL","TAX_REV","S13","T_1200","_T","USD","A",19.239492,"9","1200","0","_Z","A"
"2021","POL","TAX_REV","S13","T_1200","_T","USD","A",17.759833,"9","1200","0","_Z","A"
"2020","POL","TAX_REV","S13","T_1200","_T","USD","A",13.55782,"9","1200","0","_Z","A"
"2019","POL","TAX_REV","S13","T_1200","_T","USD","A",13.181052,"9","1200","0","_Z","A"
"2018","POL","TAX_REV","S13","T_1200","_T","USD","A",12.272556,"9","1200","0","_Z","A"
"2017","POL","TAX_REV","S13","T_1200","_T","USD","A",10.149939,"9","1200","0","_Z","A"
"2016","POL","TAX_REV","S13","T_1200","_T","USD","A",8.669004,"9","1200","0","_Z","A"
"2023","COL","TAX_REV","S13","T_1210","_T","USD","A",26.128877,"9","1210","0","_Z","A"
"2022","COL","TAX_REV","S13","T_1210","_T","USD","A",17.222174,"9","1210","0","_Z","A"
"2021","COL","TAX_REV","S13","T_1210","_T","USD","A",14.540311,"9","1210","0","_Z","A"
"2020","COL","TAX_REV","S13","T_1210","_T","USD","A",11.712502,"9","1210","0","_Z","A"
"2019","COL","TAX_REV","S13","T_1210","_T","USD","A",15.32286,"9","1210","0","_Z","A"
"2018","COL","TAX_REV","S13","T_1210","_T","USD","A",16.459344,"9","1210","0","_Z","A"
"2017","COL","TAX_REV","S13","T_1210","_T","USD","A",15.238638,"9","1210","0","_Z","A"
"2022","ISR","TAX_REV","S13","T_1200","_T","USD","A",22.677308,"9","1200","0","_Z","A"
"2021","ISR","TAX_REV","S13","T_1200","_T","USD","A",17.480662,"9","1200","0","_Z","A"
"2020","ISR","TAX_REV","S13","T_1200","_T","USD","A",11.331028,"9","1200","0","_Z","A"
"2019","ISR","TAX_REV","S13","T_1200","_T","USD","A",12.273438,"9","1200","0","_Z","A"
"2018","ISR","TAX_REV","S13","T_1200","_T","USD","A",12.043532,"9","1200","0","_Z","A"
"2017","ISR","TAX_REV","S13","T_1200","_T","USD","A",11.921748,"9","1200","0","_Z","A"
"2016","ISR","TAX_REV","S13","T_1200","_T","USD","A",9.833704,"9","1200","0","_Z","A"
"2022","DNK","TAX_REV","S13","T_1210","_T","USD","A",13.323739,"9","1210","0","_Z","A"
"2021","DNK","TAX_REV","S13","T_1210","_T","USD","A",16.244324,"9","1210","0","_Z","A"
"2020","DNK","TAX_REV","S13","T_1210","_T","USD","A",10.351395,"9","1210","0","_Z","A"
"2019","DNK","TAX_REV","S13","T_1210","_T","USD","A",10.918446,"9","1210","0","_Z","A"
"2018","DNK","TAX_REV","S13","T_1210","_T","USD","A",9.870208,"9","1210","0","_Z","A"
"2017","DNK","TAX_REV","S13","T_1210","_T","USD","A",10.881367,"9","1210","0","_Z","A"
"2016","DNK","TAX_REV","S13","T_1210","_T","USD","A",9.466127,"9","1210","0","_Z","A"
"2016","POL","TAX_REV","S13","T_1220","_T","USD","A",NA,"9","1220","0","_Z","A"
"2023","POL","TAX_REV","S13","T_1220","_T","USD","A",NA,"9","1220","0","_Z","A"
"2022","POL","TAX_REV","S13","T_1220","_T","USD","A",NA,"9","1220","0","_Z","A"
"2021","POL","TAX_REV","S13","T_1220","_T","USD","A",NA,"9","1220","0","_Z","A"
"2020","POL","TAX_REV","S13","T_1220","_T","USD","A",NA,"9","1220","0","_Z","A"
"2019","POL","TAX_REV","S13","T_1220","_T","USD","A",NA,"9","1220","0","_Z","A"
"2018","POL","TAX_REV","S13","T_1220","_T","USD","A",NA,"9","1220","0","_Z","A"
"2023","GRC","TAX_REV","S13","T_1210","_T","USD","A",NA,"9","1210","0","_Z","A"
"2022","GRC","TAX_REV","S13","T_1210","_T","USD","A",5.398979,"9","1210","0","_Z","A"
"2021","GRC","TAX_REV","S13","T_1210","_T","USD","A",4.298079,"9","1210","0","_Z","A"
"2020","GRC","TAX_REV","S13","T_1210","_T","USD","A",2.684162,"9","1210","0","_Z","A"
"2019","GRC","TAX_REV","S13","T_1210","_T","USD","A",3.898011,"9","1210","0","_Z","A"
"2018","GRC","TAX_REV","S13","T_1210","_T","USD","A",4.721454,"9","1210","0","_Z","A"
"2017","GRC","TAX_REV","S13","T_1210","_T","USD","A",3.965179,"9","1210","0","_Z","A"
"2022","LVA","TAX_REV","S13","T_1200","_T","USD","A",0.408963,"9","1200","0","_Z","A"
"2021","LVA","TAX_REV","S13","T_1200","_T","USD","A",0.340064,"9","1200","0","_Z","A"
"2020","LVA","TAX_REV","S13","T_1200","_T","USD","A",0.247286,"9","1200","0","_Z","A"
"2019","LVA","TAX_REV","S13","T_1200","_T","USD","A",0.053388,"9","1200","0","_Z","A"
"2018","LVA","TAX_REV","S13","T_1200","_T","USD","A",0.363246,"9","1200","0","_Z","A"
"2017","LVA","TAX_REV","S13","T_1200","_T","USD","A",0.482807,"9","1200","0","_Z","A"
"2016","LVA","TAX_REV","S13","T_1200","_T","USD","A",0.469568,"9","1200","0","_Z","A"
"2016","SVK","TAX_REV","S13","T_1210","_T","USD","A",0,"9","1210","0","_Z","A"
"2023","SVK","TAX_REV","S13","T_1210","_T","USD","A",0,"9","1210","0","_Z","A"
"2022","SVK","TAX_REV","S13","T_1210","_T","USD","A",0,"9","1210","0","_Z","A"
"2021","SVK","TAX_REV","S13","T_1210","_T","USD","A",0,"9","1210","0","_Z","A"
"2020","SVK","TAX_REV","S13","T_1210","_T","USD","A",0,"9","1210","0","_Z","A"
"2019","SVK","TAX_REV","S13","T_1210","_T","USD","A",0,"9","1210","0","_Z","A"
"2018","SVK","TAX_REV","S13","T_1210","_T","USD","A",0,"9","1210","0","_Z","A"
"2016","NLD","TAX_REV","S13","T_1220","_T","USD","A",0,"9","1220","0","_Z","A"
"2023","NLD","TAX_REV","S13","T_1220","_T","USD","A",0,"9","1220","0","_Z","A"
"2022","NLD","TAX_REV","S13","T_1220","_T","USD","A",0,"9","1220","0","_Z","A"
"2021","NLD","TAX_REV","S13","T_1220","_T","USD","A",0,"9","1220","0","_Z","A"
"2020","NLD","TAX_REV","S13","T_1220","_T","USD","A",0,"9","1220","0","_Z","A"
"2019","NLD","TAX_REV","S13","T_1220","_T","USD","A",0,"9","1220","0","_Z","A"
"2018","NLD","TAX_REV","S13","T_1220","_T","USD","A",0,"9","1220","0","_Z","A"
"2016","POL","TAX_REV","S13","T_1210","_T","USD","A",NA,"9","1210","0","_Z","A"
"2023","POL","TAX_REV","S13","T_1210","_T","USD","A",NA,"9","1210","0","_Z","A"
"2022","POL","TAX_REV","S13","T_1210","_T","USD","A",NA,"9","1210","0","_Z","A"
"2021","POL","TAX_REV","S13","T_1210","_T","USD","A",NA,"9","1210","0","_Z","A"
"2020","POL","TAX_REV","S13","T_1210","_T","USD","A",NA,"9","1210","0","_Z","A"
"2019","POL","TAX_REV","S13","T_1210","_T","USD","A",NA,"9","1210","0","_Z","A"
"2018","POL","TAX_REV","S13","T_1210","_T","USD","A",NA,"9","1210","0","_Z","A"
"2022","LVA","TAX_REV","S13","T_1210","_T","USD","A",0.408963,"9","1210","0","_Z","A"
"2021","LVA","TAX_REV","S13","T_1210","_T","USD","A",0.340064,"9","1210","0","_Z","A"
"2020","LVA","TAX_REV","S13","T_1210","_T","USD","A",0.247286,"9","1210","0","_Z","A"
"2019","LVA","TAX_REV","S13","T_1210","_T","USD","A",0.053388,"9","1210","0","_Z","A"
"2018","LVA","TAX_REV","S13","T_1210","_T","USD","A",0.363246,"9","1210","0","_Z","A"
"2017","LVA","TAX_REV","S13","T_1210","_T","USD","A",0.482807,"9","1210","0","_Z","A"
"2016","LVA","TAX_REV","S13","T_1210","_T","USD","A",0.469568,"9","1210","0","_Z","A"
"2022","GBR","TAX_REV","S13","T_1210","_T","USD","A",99.052013,"9","1210","0","_Z","A"
"2021","GBR","TAX_REV","S13","T_1210","_T","USD","A",90.774371,"9","1210","0","_Z","A"
"2020","GBR","TAX_REV","S13","T_1210","_T","USD","A",63.152938,"9","1210","0","_Z","A"
"2019","GBR","TAX_REV","S13","T_1210","_T","USD","A",64.203673,"9","1210","0","_Z","A"
"2018","GBR","TAX_REV","S13","T_1210","_T","USD","A",71.355154,"9","1210","0","_Z","A"
"2017","GBR","TAX_REV","S13","T_1210","_T","USD","A",68.0728,"9","1210","0","_Z","A"
"2016","GBR","TAX_REV","S13","T_1210","_T","USD","A",66.780623,"9","1210","0","_Z","A"
"2022","CZE","TAX_REV","S13","T_1210","_T","USD","A",12.897207,"9","1210","0","_Z","A"
"2021","CZE","TAX_REV","S13","T_1210","_T","USD","A",11.180895,"9","1210","0","_Z","A"
"2020","CZE","TAX_REV","S13","T_1210","_T","USD","A",8.040268,"9","1210","0","_Z","A"
"2019","CZE","TAX_REV","S13","T_1210","_T","USD","A",8.857236,"9","1210","0","_Z","A"
"2018","CZE","TAX_REV","S13","T_1210","_T","USD","A",9.020514,"9","1210","0","_Z","A"
"2017","CZE","TAX_REV","S13","T_1210","_T","USD","A",8.056089,"9","1210","0","_Z","A"
"2016","CZE","TAX_REV","S13","T_1210","_T","USD","A",7.314014,"9","1210","0","_Z","A"
"2022","ITA","TAX_REV","S13","T_1200","_T","USD","A",59.306736,"9","1200","0","_Z","A"
"2021","ITA","TAX_REV","S13","T_1200","_T","USD","A",40.641566,"9","1200","0","_Z","A"
"2020","ITA","TAX_REV","S13","T_1200","_T","USD","A",39.02349,"9","1200","0","_Z","A"
"2019","ITA","TAX_REV","S13","T_1200","_T","USD","A",39.378983,"9","1200","0","_Z","A"
"2018","ITA","TAX_REV","S13","T_1200","_T","USD","A",38.896493,"9","1200","0","_Z","A"
"2017","ITA","TAX_REV","S13","T_1200","_T","USD","A",40.784744,"9","1200","0","_Z","A"
"2016","ITA","TAX_REV","S13","T_1200","_T","USD","A",40.064156,"9","1200","0","_Z","A"
"2022","USA","TAX_REV","S13","T_1200","_T","USD","A",527.53639,"9","1200","0","_Z","A"
"2021","USA","TAX_REV","S13","T_1200","_T","USD","A",390.81835,"9","1200","0","_Z","A"
"2020","USA","TAX_REV","S13","T_1200","_T","USD","A",294.62885,"9","1200","0","_Z","A"
"2019","USA","TAX_REV","S13","T_1200","_T","USD","A",283.9204,"9","1200","0","_Z","A"
"2018","USA","TAX_REV","S13","T_1200","_T","USD","A",285.0841,"9","1200","0","_Z","A"
"2017","USA","TAX_REV","S13","T_1200","_T","USD","A",284.77825,"9","1200","0","_Z","A"
"2016","USA","TAX_REV","S13","T_1200","_T","USD","A",365.04526,"9","1200","0","_Z","A"
"2023","JPN","TAX_REV","S13","T_1200","_T","USD","A",186.444551,"9","1200","0","_Z","A"
"2022","JPN","TAX_REV","S13","T_1200","_T","USD","A",200.631843,"9","1200","0","_Z","A"
"2021","JPN","TAX_REV","S13","T_1200","_T","USD","A",213.271071,"9","1200","0","_Z","A"
"2020","JPN","TAX_REV","S13","T_1200","_T","USD","A",192.943574,"9","1200","0","_Z","A"
"2019","JPN","TAX_REV","S13","T_1200","_T","USD","A",194.063866,"9","1200","0","_Z","A"
"2018","JPN","TAX_REV","S13","T_1200","_T","USD","A",205.245715,"9","1200","0","_Z","A"
"2017","JPN","TAX_REV","S13","T_1200","_T","USD","A",181.985385,"9","1200","0","_Z","A"
"2022","KOR","TAX_REV","S13","T_1210","_T","USD","A",90.028495,"9","1210","0","_Z","A"
"2021","KOR","TAX_REV","S13","T_1210","_T","USD","A",69.377057,"9","1210","0","_Z","A"
"2020","KOR","TAX_REV","S13","T_1210","_T","USD","A",55.307879,"9","1210","0","_Z","A"
"2019","KOR","TAX_REV","S13","T_1210","_T","USD","A",70.644416,"9","1210","0","_Z","A"
"2018","KOR","TAX_REV","S13","T_1210","_T","USD","A",72.445607,"9","1210","0","_Z","A"
"2017","KOR","TAX_REV","S13","T_1210","_T","USD","A",58.619762,"9","1210","0","_Z","A"
"2016","KOR","TAX_REV","S13","T_1210","_T","USD","A",50.649247,"9","1210","0","_Z","A"
"2022","USA","TAX_REV","S13","T_1220","_T","USD","A",55.196902,"9","1220","0","_Z","A"
"2021","USA","TAX_REV","S13","T_1220","_T","USD","A",66.106141,"9","1220","0","_Z","A"
"2020","USA","TAX_REV","S13","T_1220","_T","USD","A",40.720293,"9","1220","0","_Z","A"
"2019","USA","TAX_REV","S13","T_1220","_T","USD","A",47.387279,"9","1220","0","_Z","A"
"2018","USA","TAX_REV","S13","T_1220","_T","USD","A",39.23786,"9","1220","0","_Z","A"
"2017","USA","TAX_REV","S13","T_1220","_T","USD","A",46.663397,"9","1220","0","_Z","A"
"2016","USA","TAX_REV","S13","T_1220","_T","USD","A",50.596184,"9","1220","0","_Z","A"
"2022","NZL","TAX_REV","S13","T_1210","_T","USD","A",11.17102,"9","1210","0","_Z","A"
"2021","NZL","TAX_REV","S13","T_1210","_T","USD","A",13.220403,"9","1210","0","_Z","A"
"2020","NZL","TAX_REV","S13","T_1210","_T","USD","A",12.056736,"9","1210","0","_Z","A"
"2019","NZL","TAX_REV","S13","T_1210","_T","USD","A",8.114557,"9","1210","0","_Z","A"
"2018","NZL","TAX_REV","S13","T_1210","_T","USD","A",10.501722,"9","1210","0","_Z","A"
"2017","NZL","TAX_REV","S13","T_1210","_T","USD","A",9.523723,"9","1210","0","_Z","A"
"2016","NZL","TAX_REV","S13","T_1210","_T","USD","A",9.466468,"9","1210","0","_Z","A"
"2022","AUT","TAX_REV","S13","T_1210","_T","USD","A",16.13817,"9","1210","0","_Z","A"
"2021","AUT","TAX_REV","S13","T_1210","_T","USD","A",13.208438,"9","1210","0","_Z","A"
"2020","AUT","TAX_REV","S13","T_1210","_T","USD","A",9.346008,"9","1210","0","_Z","A"
"2019","AUT","TAX_REV","S13","T_1210","_T","USD","A",12.085151,"9","1210","0","_Z","A"
"2018","AUT","TAX_REV","S13","T_1210","_T","USD","A",12.329351,"9","1210","0","_Z","A"
"2017","AUT","TAX_REV","S13","T_1210","_T","USD","A",10.303949,"9","1210","0","_Z","A"
"2016","AUT","TAX_REV","S13","T_1210","_T","USD","A",9.284405,"9","1210","0","_Z","A"
"2023","LTU","TAX_REV","S13","T_1210","_T","USD","A",2.065219,"9","1210","0","_Z","A"
"2022","LTU","TAX_REV","S13","T_1210","_T","USD","A",1.656451,"9","1210","0","_Z","A"
"2021","LTU","TAX_REV","S13","T_1210","_T","USD","A",1.372678,"9","1210","0","_Z","A"
"2020","LTU","TAX_REV","S13","T_1210","_T","USD","A",0.941893,"9","1210","0","_Z","A"
"2019","LTU","TAX_REV","S13","T_1210","_T","USD","A",0.849846,"9","1210","0","_Z","A"
"2018","LTU","TAX_REV","S13","T_1210","_T","USD","A",0.816333,"9","1210","0","_Z","A"
"2017","LTU","TAX_REV","S13","T_1210","_T","USD","A",0.712862,"9","1210","0","_Z","A"
"2023","CRI","TAX_REV","S13","T_1220","_T","USD","A",0.029029,"9","1220","0","_Z","A"
"2022","CRI","TAX_REV","S13","T_1220","_T","USD","A",0.040391,"9","1220","0","_Z","A"
"2021","CRI","TAX_REV","S13","T_1220","_T","USD","A",0.028344,"9","1220","0","_Z","A"
"2020","CRI","TAX_REV","S13","T_1220","_T","USD","A",0.012107,"9","1220","0","_Z","A"
"2019","CRI","TAX_REV","S13","T_1220","_T","USD","A",0.173979,"9","1220","0","_Z","A"
"2018","CRI","TAX_REV","S13","T_1220","_T","USD","A",0,"9","1220","0","_Z","A"
"2017","CRI","TAX_REV","S13","T_1220","_T","USD","A",0,"9","1220","0","_Z","A"
"2016","FIN","TAX_REV","S13","T_1220","_T","USD","A",0,"9","1220","0","_Z","A"
"2023","FIN","TAX_REV","S13","T_1220","_T","USD","A",0,"9","1220","0","_Z","A"
"2022","FIN","TAX_REV","S13","T_1220","_T","USD","A",0,"9","1220","0","_Z","A"
"2021","FIN","TAX_REV","S13","T_1220","_T","USD","A",0,"9","1220","0","_Z","A"
"2020","FIN","TAX_REV","S13","T_1220","_T","USD","A",0,"9","1220","0","_Z","A"
"2019","FIN","TAX_REV","S13","T_1220","_T","USD","A",0,"9","1220","0","_Z","A"
"2018","FIN","TAX_REV","S13","T_1220","_T","USD","A",0,"9","1220","0","_Z","A"
"2023","CAN","TAX_REV","S13","T_1210","_T","USD","A",99.770829,"9","1210","0","_Z","A"
"2022","CAN","TAX_REV","S13","T_1210","_T","USD","A",101.44161,"9","1210","0","_Z","A"
"2021","CAN","TAX_REV","S13","T_1210","_T","USD","A",98.354843,"9","1210","0","_Z","A"
"2020","CAN","TAX_REV","S13","T_1210","_T","USD","A",68.695906,"9","1210","0","_Z","A"
"2019","CAN","TAX_REV","S13","T_1210","_T","USD","A",65.28108,"9","1210","0","_Z","A"
"2018","CAN","TAX_REV","S13","T_1210","_T","USD","A",70.500634,"9","1210","0","_Z","A"
"2017","CAN","TAX_REV","S13","T_1210","_T","USD","A",64.155428,"9","1210","0","_Z","A"
"2016","LTU","TAX_REV","S13","T_1220","_T","USD","A",0,"9","1220","0","_Z","A"
"2023","LTU","TAX_REV","S13","T_1220","_T","USD","A",0,"9","1220","0","_Z","A"
"2022","LTU","TAX_REV","S13","T_1220","_T","USD","A",0,"9","1220","0","_Z","A"
"2021","LTU","TAX_REV","S13","T_1220","_T","USD","A",0,"9","1220","0","_Z","A"
"2020","LTU","TAX_REV","S13","T_1220","_T","USD","A",0,"9","1220","0","_Z","A"
"2019","LTU","TAX_REV","S13","T_1220","_T","USD","A",0,"9","1220","0","_Z","A"
"2018","LTU","TAX_REV","S13","T_1220","_T","USD","A",0,"9","1220","0","_Z","A"
"2016","MEX","TAX_REV","S13","T_1210","_T","USD","A",NA,"9","1210","0","_Z","A"
"2023","MEX","TAX_REV","S13","T_1210","_T","USD","A",NA,"9","1210","0","_Z","A"
"2022","MEX","TAX_REV","S13","T_1210","_T","USD","A",NA,"9","1210","0","_Z","A"
"2021","MEX","TAX_REV","S13","T_1210","_T","USD","A",NA,"9","1210","0","_Z","A"
"2020","MEX","TAX_REV","S13","T_1210","_T","USD","A",NA,"9","1210","0","_Z","A"
"2019","MEX","TAX_REV","S13","T_1210","_T","USD","A",NA,"9","1210","0","_Z","A"
"2018","MEX","TAX_REV","S13","T_1210","_T","USD","A",NA,"9","1210","0","_Z","A"
"2022","CZE","TAX_REV","S13","T_1220","_T","USD","A",0,"9","1220","0","_Z","A"
"2021","CZE","TAX_REV","S13","T_1220","_T","USD","A",0,"9","1220","0","_Z","A"
"2020","CZE","TAX_REV","S13","T_1220","_T","USD","A",0,"9","1220","0","_Z","A"
"2019","CZE","TAX_REV","S13","T_1220","_T","USD","A",0,"9","1220","0","_Z","A"
"2018","CZE","TAX_REV","S13","T_1220","_T","USD","A",0,"9","1220","0","_Z","A"
"2017","CZE","TAX_REV","S13","T_1220","_T","USD","A",0,"9","1220","0","_Z","A"
"2016","CZE","TAX_REV","S13","T_1220","_T","USD","A",0,"9","1220","0","_Z","A"
"2022","KOR","TAX_REV","S13","T_1200","_T","USD","A",90.028495,"9","1200","0","_Z","A"
"2021","KOR","TAX_REV","S13","T_1200","_T","USD","A",69.377057,"9","1200","0","_Z","A"
"2020","KOR","TAX_REV","S13","T_1200","_T","USD","A",55.307879,"9","1200","0","_Z","A"
"2019","KOR","TAX_REV","S13","T_1200","_T","USD","A",70.644416,"9","1200","0","_Z","A"
"2018","KOR","TAX_REV","S13","T_1200","_T","USD","A",72.445607,"9","1200","0","_Z","A"
"2017","KOR","TAX_REV","S13","T_1200","_T","USD","A",58.619762,"9","1200","0","_Z","A"
"2016","KOR","TAX_REV","S13","T_1200","_T","USD","A",50.649247,"9","1200","0","_Z","A"
"2022","NLD","TAX_REV","S13","T_1210","_T","USD","A",49.674397,"9","1210","0","_Z","A"
"2021","NLD","TAX_REV","S13","T_1210","_T","USD","A",39.523639,"9","1210","0","_Z","A"
"2020","NLD","TAX_REV","S13","T_1210","_T","USD","A",28.205404,"9","1210","0","_Z","A"
"2019","NLD","TAX_REV","S13","T_1210","_T","USD","A",33.623427,"9","1210","0","_Z","A"
"2018","NLD","TAX_REV","S13","T_1210","_T","USD","A",32.014483,"9","1210","0","_Z","A"
"2017","NLD","TAX_REV","S13","T_1210","_T","USD","A",27.326972,"9","1210","0","_Z","A"
"2016","NLD","TAX_REV","S13","T_1210","_T","USD","A",26.234723,"9","1210","0","_Z","A"
"2016","CHE","TAX_REV","S13","T_1220","_T","USD","A",NA,"6","1220","0","_Z","A"
"2023","CHE","TAX_REV","S13","T_1220","_T","USD","A",NA,"6","1220","0","_Z","A"
"2022","CHE","TAX_REV","S13","T_1220","_T","USD","A",NA,"6","1220","0","_Z","A"
"2021","CHE","TAX_REV","S13","T_1220","_T","USD","A",NA,"6","1220","0","_Z","A"
"2020","CHE","TAX_REV","S13","T_1220","_T","USD","A",NA,"6","1220","0","_Z","A"
"2019","CHE","TAX_REV","S13","T_1220","_T","USD","A",NA,"6","1220","0","_Z","A"
"2018","CHE","TAX_REV","S13","T_1220","_T","USD","A",NA,"6","1220","0","_Z","A"
"2016","FRA","TAX_REV","S13","T_1220","_T","USD","A",0,"9","1220","0","_Z","A"
"2023","FRA","TAX_REV","S13","T_1220","_T","USD","A",0,"9","1220","0","_Z","A"
"2022","FRA","TAX_REV","S13","T_1220","_T","USD","A",0,"9","1220","0","_Z","A"
"2021","FRA","TAX_REV","S13","T_1220","_T","USD","A",0,"9","1220","0","_Z","A"
"2020","FRA","TAX_REV","S13","T_1220","_T","USD","A",0,"9","1220","0","_Z","A"
"2019","FRA","TAX_REV","S13","T_1220","_T","USD","A",0,"9","1220","0","_Z","A"
"2018","FRA","TAX_REV","S13","T_1220","_T","USD","A",0,"9","1220","0","_Z","A"
"2016","PRT","TAX_REV","S13","T_1210","_T","USD","A",NA,"9","1210","0","_Z","A"
"2023","PRT","TAX_REV","S13","T_1210","_T","USD","A",NA,"9","1210","0","_Z","A"
"2022","PRT","TAX_REV","S13","T_1210","_T","USD","A",NA,"9","1210","0","_Z","A"
"2021","PRT","TAX_REV","S13","T_1210","_T","USD","A",NA,"9","1210","0","_Z","A"
"2020","PRT","TAX_REV","S13","T_1210","_T","USD","A",NA,"9","1210","0","_Z","A"
"2019","PRT","TAX_REV","S13","T_1210","_T","USD","A",NA,"9","1210","0","_Z","A"
"2018","PRT","TAX_REV","S13","T_1210","_T","USD","A",NA,"9","1210","0","_Z","A"
"2022","BEL","TAX_REV","S13","T_1210","_T","USD","A",22.829457,"9","1210","0","_Z","A"
"2021","BEL","TAX_REV","S13","T_1210","_T","USD","A",22.495724,"9","1210","0","_Z","A"
"2020","BEL","TAX_REV","S13","T_1210","_T","USD","A",17.13432,"9","1210","0","_Z","A"
"2019","BEL","TAX_REV","S13","T_1210","_T","USD","A",19.845938,"9","1210","0","_Z","A"
"2018","BEL","TAX_REV","S13","T_1210","_T","USD","A",23.369191,"9","1210","0","_Z","A"
"2017","BEL","TAX_REV","S13","T_1210","_T","USD","A",20.444733,"9","1210","0","_Z","A"
"2016","BEL","TAX_REV","S13","T_1210","_T","USD","A",16.204627,"9","1210","0","_Z","A"
"2016","GRC","TAX_REV","S13","T_1220","_T","USD","A",0,"9","1220","0","_Z","A"
"2023","GRC","TAX_REV","S13","T_1220","_T","USD","A",NA,"9","1220","0","_Z","A"
"2022","GRC","TAX_REV","S13","T_1220","_T","USD","A",0,"9","1220","0","_Z","A"
"2021","GRC","TAX_REV","S13","T_1220","_T","USD","A",0,"9","1220","0","_Z","A"
"2020","GRC","TAX_REV","S13","T_1220","_T","USD","A",0,"9","1220","0","_Z","A"
"2019","GRC","TAX_REV","S13","T_1220","_T","USD","A",0,"9","1220","0","_Z","A"
"2018","GRC","TAX_REV","S13","T_1220","_T","USD","A",0,"9","1220","0","_Z","A"
"2022","ISR","TAX_REV","S13","T_1210","_T","USD","A",21.474788,"9","1210","0","_Z","A"
"2021","ISR","TAX_REV","S13","T_1210","_T","USD","A",16.573597,"9","1210","0","_Z","A"
"2020","ISR","TAX_REV","S13","T_1210","_T","USD","A",10.578648,"9","1210","0","_Z","A"
"2019","ISR","TAX_REV","S13","T_1210","_T","USD","A",11.723575,"9","1210","0","_Z","A"
"2018","ISR","TAX_REV","S13","T_1210","_T","USD","A",11.46702,"9","1210","0","_Z","A"
"2017","ISR","TAX_REV","S13","T_1210","_T","USD","A",10.977187,"9","1210","0","_Z","A"
"2016","ISR","TAX_REV","S13","T_1210","_T","USD","A",9.336382,"9","1210","0","_Z","A"
"2016","NZL","TAX_REV","S13","T_1220","_T","USD","A",0,"9","1220","0","_Z","A"
"2023","NZL","TAX_REV","S13","T_1220","_T","USD","A",0,"9","1220","0","_Z","A"
"2022","NZL","TAX_REV","S13","T_1220","_T","USD","A",0,"9","1220","0","_Z","A"
"2021","NZL","TAX_REV","S13","T_1220","_T","USD","A",0,"9","1220","0","_Z","A"
"2020","NZL","TAX_REV","S13","T_1220","_T","USD","A",0,"9","1220","0","_Z","A"
"2019","NZL","TAX_REV","S13","T_1220","_T","USD","A",0,"9","1220","0","_Z","A"
"2018","NZL","TAX_REV","S13","T_1220","_T","USD","A",0,"9","1220","0","_Z","A"
"2022","DEU","TAX_REV","S13","T_1200","_T","USD","A",97.541764,"9","1200","0","_Z","A"
"2021","DEU","TAX_REV","S13","T_1200","_T","USD","A",99.548903,"9","1200","0","_Z","A"
"2020","DEU","TAX_REV","S13","T_1200","_T","USD","A",62.668902,"9","1200","0","_Z","A"
"2019","DEU","TAX_REV","S13","T_1200","_T","USD","A",76.795973,"9","1200","0","_Z","A"
"2018","DEU","TAX_REV","S13","T_1200","_T","USD","A",85.106634,"9","1200","0","_Z","A"
"2017","DEU","TAX_REV","S13","T_1200","_T","USD","A",74.677533,"9","1200","0","_Z","A"
"2016","DEU","TAX_REV","S13","T_1200","_T","USD","A",68.502946,"9","1200","0","_Z","A"
"2022","GBR","TAX_REV","S13","T_1220","_T","USD","A",1.528407,"9","1220","0","_Z","A"
"2021","GBR","TAX_REV","S13","T_1220","_T","USD","A",1.643594,"9","1220","0","_Z","A"
"2020","GBR","TAX_REV","S13","T_1220","_T","USD","A",1.320513,"9","1220","0","_Z","A"
"2019","GBR","TAX_REV","S13","T_1220","_T","USD","A",1.661891,"9","1220","0","_Z","A"
"2018","GBR","TAX_REV","S13","T_1220","_T","USD","A",2.038605,"9","1220","0","_Z","A"
"2017","GBR","TAX_REV","S13","T_1220","_T","USD","A",2.222717,"9","1220","0","_Z","A"
"2016","GBR","TAX_REV","S13","T_1220","_T","USD","A",2.904269,"9","1220","0","_Z","A"
"2021","GBR","TAX_REV","S13","T_1200","_T","USD","A",92.417965,"9","1200","0","_Z","A"
"2020","GBR","TAX_REV","S13","T_1200","_T","USD","A",64.47345,"9","1200","0","_Z","A"
"2019","GBR","TAX_REV","S13","T_1200","_T","USD","A",65.865564,"9","1200","0","_Z","A"
"2018","GBR","TAX_REV","S13","T_1200","_T","USD","A",73.39376,"9","1200","0","_Z","A"
"2017","GBR","TAX_REV","S13","T_1200","_T","USD","A",70.295517,"9","1200","0","_Z","A"
"2016","GBR","TAX_REV","S13","T_1200","_T","USD","A",69.684892,"9","1200","0","_Z","A"
"2023","GBR","TAX_REV","S13","T_1200","_T","USD","A",118.884273,"9","1200","0","_Z","A"
"2016","TUR","TAX_REV","S13","T_1220","_T","USD","A",0,"9","1220","0","_Z","A"
"2023","TUR","TAX_REV","S13","T_1220","_T","USD","A",0,"9","1220","0","_Z","A"
"2022","TUR","TAX_REV","S13","T_1220","_T","USD","A",0,"9","1220","0","_Z","A"
"2021","TUR","TAX_REV","S13","T_1220","_T","USD","A",0,"9","1220","0","_Z","A"
"2020","TUR","TAX_REV","S13","T_1220","_T","USD","A",0,"9","1220","0","_Z","A"
"2019","TUR","TAX_REV","S13","T_1220","_T","USD","A",0,"9","1220","0","_Z","A"
"2018","TUR","TAX_REV","S13","T_1220","_T","USD","A",0,"9","1220","0","_Z","A"
"2021","GRC","TAX_REV","S13","T_1200","_T","USD","A",4.298079,"9","1200","0","_Z","A"
"2020","GRC","TAX_REV","S13","T_1200","_T","USD","A",2.684162,"9","1200","0","_Z","A"
"2019","GRC","TAX_REV","S13","T_1200","_T","USD","A",3.898011,"9","1200","0","_Z","A"
"2018","GRC","TAX_REV","S13","T_1200","_T","USD","A",4.721454,"9","1200","0","_Z","A"
"2017","GRC","TAX_REV","S13","T_1200","_T","USD","A",3.965179,"9","1200","0","_Z","A"
"2016","GRC","TAX_REV","S13","T_1200","_T","USD","A",4.857093,"9","1200","0","_Z","A"
"2023","GRC","TAX_REV","S13","T_1200","_T","USD","A",NA,"9","1200","0","_Z","A"
"2016","DEU","TAX_REV","S13","T_1220","_T","USD","A",0,"9","1220","0","_Z","A"
"2023","DEU","TAX_REV","S13","T_1220","_T","USD","A",0,"9","1220","0","_Z","A"
"2022","DEU","TAX_REV","S13","T_1220","_T","USD","A",0,"9","1220","0","_Z","A"
"2021","DEU","TAX_REV","S13","T_1220","_T","USD","A",0,"9","1220","0","_Z","A"
"2020","DEU","TAX_REV","S13","T_1220","_T","USD","A",0,"9","1220","0","_Z","A"
"2019","DEU","TAX_REV","S13","T_1220","_T","USD","A",0,"9","1220","0","_Z","A"
"2018","DEU","TAX_REV","S13","T_1220","_T","USD","A",0,"9","1220","0","_Z","A"
"2016","ISL","TAX_REV","S13","T_1220","_T","USD","A",0,"9","1220","0","_Z","A"
"2023","ISL","TAX_REV","S13","T_1220","_T","USD","A",0,"9","1220","0","_Z","A"
"2022","ISL","TAX_REV","S13","T_1220","_T","USD","A",0,"9","1220","0","_Z","A"
"2021","ISL","TAX_REV","S13","T_1220","_T","USD","A",0,"9","1220","0","_Z","A"
"2020","ISL","TAX_REV","S13","T_1220","_T","USD","A",0,"9","1220","0","_Z","A"
"2019","ISL","TAX_REV","S13","T_1220","_T","USD","A",0,"9","1220","0","_Z","A"
"2018","ISL","TAX_REV","S13","T_1220","_T","USD","A",0,"9","1220","0","_Z","A"
"2017","OECD_REP","TAX_REV","S13","T_1220","_T","USD","A",1.673569,"9","1220","0","_Z","A"
"2016","SVK","TAX_REV","S13","T_1200","_T","USD","A",3.118765,"9","1200","0","_Z","A"
"2016","COL","TAX_REV","S13","T_1200","_T","USD","A",13.867443,"9","1200","0","_Z","A"
"2016","DNK","TAX_REV","S13","T_1200","_T","USD","A",9.466127,"9","1200","0","_Z","A"
"2016","TUR","TAX_REV","S13","T_1200","_T","USD","A",14.22773,"9","1200","0","_Z","A"
"2016","FIN","TAX_REV","S13","T_1200","_T","USD","A",5.310924,"9","1200","0","_Z","A"
"2017","NOR","TAX_REV","S13","T_1220","_T","USD","A",0,"9","1220","0","_Z","A"
"2016","ISL","TAX_REV","S13","T_1210","_T","USD","A",0.514454,"9","1210","0","_Z","A"
"2016","NZL","TAX_REV","S13","T_1200","_T","USD","A",9.466468,"9","1200","0","_Z","A"
"2016","JPN","TAX_REV","S13","T_1210","_T","USD","A",180.397516,"9","1210","0","_Z","A"
"2016","SWE","TAX_REV","S13","T_1210","_T","USD","A",14.074462,"9","1210","0","_Z","A"
"2016","FRA","TAX_REV","S13","T_1200","_T","USD","A",45.349299,"9","1200","0","_Z","A"
"2016","ITA","TAX_REV","S13","T_1210","_T","USD","A",40.057515,"9","1210","0","_Z","A"
"2017","JPN","TAX_REV","S13","T_1220","_T","USD","A",0,"9","1220","0","_Z","A"
"2018","EST","TAX_REV","S13","T_1210","_T","USD","A",0.084096,"9","1210","0","_Z","A"
"2017","PRT","TAX_REV","S13","T_1220","_T","USD","A",NA,"9","1220","0","_Z","A"
"2017","DNK","TAX_REV","S13","T_1220","_T","USD","A",0,"9","1220","0","_Z","A"
"2016","MEX","TAX_REV","S13","T_1200","_T","USD","A",37.554786,"9","1200","0","_Z","A"
"2017","ESP","TAX_REV","S13","T_1210","_T","USD","A",NA,"9","1210","0","_Z","A"
"2016","DEU","TAX_REV","S13","T_1210","_T","USD","A",68.502946,"9","1210","0","_Z","A"
"2016","CHE","TAX_REV","S13","T_1200","_T","USD","A",21.002059,"6","1200","0","_Z","A"
"2017","CHL","TAX_REV","S13","T_1210","_T","USD","A",NA,"9","1210","0","_Z","A"
"2017","LUX","TAX_REV","S13","T_1220","_T","USD","A",0,"9","1220","0","_Z","A"
"2017","KOR","TAX_REV","S13","T_1220","_T","USD","A",0,"9","1220","0","_Z","A"
"2016","IRL","TAX_REV","S13","T_1200","_T","USD","A",8.138904,"9","1200","0","_Z","A"
"2016","CHE","TAX_REV","S13","T_1210","_T","USD","A",21.002059,"6","1210","0","_Z","A"
"2023","SWE","TAX_REV","S13","T_1220","_T","USD","A",0,"9","1220","0","_Z","A"
"2016","CHL","TAX_REV","S13","T_1200","_T","USD","A",10.558017,"9","1200","0","_Z","A"
"2016","NLD","TAX_REV","S13","T_1200","_T","USD","A",26.234723,"9","1200","0","_Z","A"
"2016","EST","TAX_REV","S13","T_1220","_T","USD","A",0.366308,"9","1220","0","_Z","A"
"2017","SWE","TAX_REV","S13","T_1200","_T","USD","A",15.045408,"9","1200","0","_Z","A"
"2017","AUS","TAX_REV","S13","T_1220","_T","USD","A",0,"9","1220","0","_Z","A"
"2016","CAN","TAX_REV","S13","T_1200","_T","USD","A",57.582416,"9","1200","0","_Z","A"
"2017","MEX","TAX_REV","S13","T_1220","_T","USD","A",NA,"9","1220","0","_Z","A"
"2016","USA","TAX_REV","S13","T_1210","_T","USD","A",314.449076,"9","1210","0","_Z","A"
"2016","AUT","TAX_REV","S13","T_1200","_T","USD","A",9.284405,"9","1200","0","_Z","A"
"2016","EST","TAX_REV","S13","T_1200","_T","USD","A",0.408602,"9","1200","0","_Z","A"
"2016","SVN","TAX_REV","S13","T_1210","_T","USD","A",0.713749,"6","1210","0","_Z","A"
"2016","FIN","TAX_REV","S13","T_1210","_T","USD","A",5.310924,"9","1210","0","_Z","A"
"2017","SVN","TAX_REV","S13","T_1200","_T","USD","A",0.862847,"6","1200","0","_Z","A"
"2016","CRI","TAX_REV","S13","T_1200","_T","USD","A",1.362139,"9","1200","0","_Z","A"
"2017","HUN","TAX_REV","S13","T_1220","_T","USD","A",NA,"6","1220","0","_Z","A"
"2017","COL","TAX_REV","S13","T_1220","_T","USD","A",NA,"9","1220","0","_Z","A"
"2017","AUT","TAX_REV","S13","T_1220","_T","USD","A",0,"9","1220","0","_Z","A"
"2016","NOR","TAX_REV","S13","T_1200","_T","USD","A",14.928214,"9","1200","0","_Z","A"
"2016","NOR","TAX_REV","S13","T_1210","_T","USD","A",14.928214,"9","1210","0","_Z","A"
"2016","ISL","TAX_REV","S13","T_1200","_T","USD","A",0.514454,"9","1200","0","_Z","A"
"2017","SVK","TAX_REV","S13","T_1220","_T","USD","A",0,"9","1220","0","_Z","A"
"2017","CHL","TAX_REV","S13","T_1220","_T","USD","A",NA,"9","1220","0","_Z","A"
"2017","IRL","TAX_REV","S13","T_1220","_T","USD","A",0,"9","1220","0","_Z","A"
"2017","ESP","TAX_REV","S13","T_1220","_T","USD","A",NA,"9","1220","0","_Z","A"
"2016","PRT","TAX_REV","S13","T_1200","_T","USD","A",6.280772,"9","1200","0","_Z","A"
"2016","LUX","TAX_REV","S13","T_1200","_T","USD","A",2.721784,"9","1200","0","_Z","A"
"2016","ITA","TAX_REV","S13","T_1220","_T","USD","A",0.006641,"9","1220","0","_Z","A"
"2016","ISR","TAX_REV","S13","T_1220","_T","USD","A",0.497322,"9","1220","0","_Z","A"
"2016","LUX","TAX_REV","S13","T_1210","_T","USD","A",2.721784,"9","1210","0","_Z","A"
"2016","HUN","TAX_REV","S13","T_1200","_T","USD","A",2.903511,"6","1200","0","_Z","A"
"2017","SVN","TAX_REV","S13","T_1220","_T","USD","A",0,"6","1220","0","_Z","A"
"2017","CAN","TAX_REV","S13","T_1220","_T","USD","A",0,"9","1220","0","_Z","A"
"2022","OECD_REP","TAX_REV","S13","T_1210","_T","USD","A",53.41306,"9","1210","0","_Z","A"
"2017","LVA","TAX_REV","S13","T_1220","_T","USD","A",0,"9","1220","0","_Z","A"
"2016","TUR","TAX_REV","S13","T_1210","_T","USD","A",14.22773,"9","1210","0","_Z","A"
"2017","HUN","TAX_REV","S13","T_1210","_T","USD","A",NA,"6","1210","0","_Z","A"
"2016","FRA","TAX_REV","S13","T_1210","_T","USD","A",45.349299,"9","1210","0","_Z","A"
"2017","BEL","TAX_REV","S13","T_1220","_T","USD","A",0,"9","1220","0","_Z","A"
"2017","OECD_REP","TAX_REV","S13","T_1200","_T","USD","A",32.143649,"9","1200","0","_Z","A"
"2016","CZE","TAX_REV","S13","T_1200","_T","USD","A",7.314014,"9","1200","0","_Z","A"
"2016","LTU","TAX_REV","S13","T_1200","_T","USD","A",0.694746,"9","1200","0","_Z","A"
"2016","ESP","TAX_REV","S13","T_1200","_T","USD","A",27.302885,"9","1200","0","_Z","A"
"2023","IRL","TAX_REV","S13","T_1210","_T","USD","A",26.155762,"9","1210","0","_Z","A"
"2016","CRI","TAX_REV","S13","T_1210","_T","USD","A",1.362139,"9","1210","0","_Z","A"
"2016","AUS","TAX_REV","S13","T_1210","_T","USD","A",59.598366,"9","1210","0","_Z","A"
"2023","BEL","TAX_REV","S13","T_1200","_T","USD","A",25.174084,"9","1200","0","_Z","A"
"2016","AUS","TAX_REV","S13","T_1200","_T","USD","A",59.598366,"9","1200","0","_Z","A"
"2023","POL","TAX_REV","S13","T_1200","_T","USD","A",21.331614,"9","1200","0","_Z","A"
"2016","COL","TAX_REV","S13","T_1210","_T","USD","A",13.867443,"9","1210","0","_Z","A"
"2023","ISR","TAX_REV","S13","T_1200","_T","USD","A",18.390266,"9","1200","0","_Z","A"
"2023","DNK","TAX_REV","S13","T_1210","_T","USD","A",15.402609,"9","1210","0","_Z","A"
"2017","POL","TAX_REV","S13","T_1220","_T","USD","A",NA,"9","1220","0","_Z","A"
"2016","GRC","TAX_REV","S13","T_1210","_T","USD","A",4.857093,"9","1210","0","_Z","A"
"2023","LVA","TAX_REV","S13","T_1200","_T","USD","A",0.582009,"9","1200","0","_Z","A"
"2017","SVK","TAX_REV","S13","T_1210","_T","USD","A",0,"9","1210","0","_Z","A"
"2017","NLD","TAX_REV","S13","T_1220","_T","USD","A",0,"9","1220","0","_Z","A"
"2017","POL","TAX_REV","S13","T_1210","_T","USD","A",NA,"9","1210","0","_Z","A"
"2023","LVA","TAX_REV","S13","T_1210","_T","USD","A",0.582009,"9","1210","0","_Z","A"
"2023","GBR","TAX_REV","S13","T_1210","_T","USD","A",117.147875,"9","1210","0","_Z","A"
"2023","CZE","TAX_REV","S13","T_1210","_T","USD","A",16.036587,"9","1210","0","_Z","A"
"2023","ITA","TAX_REV","S13","T_1200","_T","USD","A",62.529519,"9","1200","0","_Z","A"
"2023","USA","TAX_REV","S13","T_1200","_T","USD","A",569.26097,"9","1200","0","_Z","A"
"2016","JPN","TAX_REV","S13","T_1200","_T","USD","A",180.397516,"9","1200","0","_Z","A"
"2023","KOR","TAX_REV","S13","T_1210","_T","USD","A",71.137066,"9","1210","0","_Z","A"
"2023","USA","TAX_REV","S13","T_1220","_T","USD","A",56.99226,"9","1220","0","_Z","A"
"2023","NZL","TAX_REV","S13","T_1210","_T","USD","A",10.652572,"9","1210","0","_Z","A"
"2023","AUT","TAX_REV","S13","T_1210","_T","USD","A",16.883592,"9","1210","0","_Z","A"
"2016","LTU","TAX_REV","S13","T_1210","_T","USD","A",0.694746,"9","1210","0","_Z","A"
"2016","CRI","TAX_REV","S13","T_1220","_T","USD","A",0,"9","1220","0","_Z","A"
"2017","FIN","TAX_REV","S13","T_1220","_T","USD","A",0,"9","1220","0","_Z","A"
"2016","CAN","TAX_REV","S13","T_1210","_T","USD","A",57.582416,"9","1210","0","_Z","A"
"2017","LTU","TAX_REV","S13","T_1220","_T","USD","A",0,"9","1220","0","_Z","A"
"2017","MEX","TAX_REV","S13","T_1210","_T","USD","A",NA,"9","1210","0","_Z","A"
"2023","CZE","TAX_REV","S13","T_1220","_T","USD","A",0,"9","1220","0","_Z","A"
"2023","KOR","TAX_REV","S13","T_1200","_T","USD","A",71.137066,"9","1200","0","_Z","A"
"2023","NLD","TAX_REV","S13","T_1210","_T","USD","A",56.432464,"9","1210","0","_Z","A"
"2017","CHE","TAX_REV","S13","T_1220","_T","USD","A",NA,"6","1220","0","_Z","A"
"2017","FRA","TAX_REV","S13","T_1220","_T","USD","A",0,"9","1220","0","_Z","A"
"2017","PRT","TAX_REV","S13","T_1210","_T","USD","A",NA,"9","1210","0","_Z","A"
"2023","BEL","TAX_REV","S13","T_1210","_T","USD","A",25.174084,"9","1210","0","_Z","A"
"2017","GRC","TAX_REV","S13","T_1220","_T","USD","A",0,"9","1220","0","_Z","A"
"2023","ISR","TAX_REV","S13","T_1210","_T","USD","A",17.735846,"9","1210","0","_Z","A"
"2017","NZL","TAX_REV","S13","T_1220","_T","USD","A",0,"9","1220","0","_Z","A"
"2023","DEU","TAX_REV","S13","T_1200","_T","USD","A",103.421132,"9","1200","0","_Z","A"
"2023","GBR","TAX_REV","S13","T_1220","_T","USD","A",1.736398,"9","1220","0","_Z","A"
"2022","GBR","TAX_REV","S13","T_1200","_T","USD","A",100.58042,"9","1200","0","_Z","A"
"2017","TUR","TAX_REV","S13","T_1220","_T","USD","A",0,"9","1220","0","_Z","A"
"2022","GRC","TAX_REV","S13","T_1200","_T","USD","A",5.398979,"9","1200","0","_Z","A"
"2017","DEU","TAX_REV","S13","T_1220","_T","USD","A",0,"9","1220","0","_Z","A"
"2017","ISL","TAX_REV","S13","T_1220","_T","USD","A",0,"9","1220","0","_Z","A"
